molecule_id,final_score,epoch_number,target_protein,miner_uid,smiles,miner_hotkey,miner_coldkey,created_at
rxn:1:60111:44033,0.982928,,,,,,,
rxn:1:60111:90299,0.971444,,,,,,,
rxn:1:60111:123709,0.941304,,,,,,,
rxn:1:60111:182998,0.906227,,,,,,,
rxn:1:60111:182994,0.878357,,,,,,,
rxn:1:60111:185180,0.845668,,,,,,,
rxn:1:60111:60689,0.791239,,,,,,,
rxn:1:60111:44076,0.771604,,,,,,,
rxn:1:60111:192299,0.771345,,,,,,,
rxn:1:60111:144951,0.742876,,,,,,,
rxn:1:60111:24409,0.732943,,,,,,,
rxn:1:60111:44092,0.712256,,,,,,,
rxn:1:60111:44090,0.704726,,,,,,,
rxn:1:60111:202998,0.698812,,,,,,,
rxn:1:60111:44020,0.689148,,,,,,,
rxn:1:60111:96308,0.668604,,,,,,,
rxn:1:60111:44018,0.660902,,,,,,,
rxn:1:60111:24407,0.644147,,,,,,,
rxn:1:60111:116962,0.637123,,,,,,,
rxn:1:60111:66138,0.629996,,,,,,,
rxn:1:60111:79006,0.59839,,,,,,,
rxn:1:60111:124160,0.59149,,,,,,,
rxn:1:60111:44084,0.56787,,,,,,,
rxn:1:60111:29977,0.565167,,,,,,,
rxn:1:60111:127792,0.560213,,,,,,,
rxn:1:60111:114409,0.555983,,,,,,,
rxn:1:60111:44055,0.551799,,,,,,,
rxn:1:60111:173167,0.544673,,,,,,,
rxn:1:60111:129440,0.541611,,,,,,,
rxn:1:60111:129960,0.53518,,,,,,,
rxn:1:60111:173156,0.5342,,,,,,,
rxn:1:60111:60670,0.522506,,,,,,,
rxn:1:60111:156440,0.52019,,,,,,,
rxn:1:60111:129194,0.517731,,,,,,,
rxn:1:60111:0,0.517046,,,,,,,
rxn:1:60111:153299,0.475529,,,,,,,
rxn:1:60111:57672,0.45511,,,,,,,
rxn:1:60111:45275,0.451437,,,,,,,
rxn:1:60111:160212,0.440772,,,,,,,
rxn:1:60111:104220,0.415248,,,,,,,
rxn:1:60111:179252,0.413469,,,,,,,
rxn:1:60111:44048,0.410916,,,,,,,
rxn:1:60111:74299,0.410549,,,,,,,
rxn:1:60111:44014,0.39293,,,,,,,
rxn:1:60111:229346,0.389925,,,,,,,
rxn:1:60111:91440,0.385348,,,,,,,
rxn:1:60111:44017,0.384031,,,,,,,
rxn:1:60111:44406,0.375832,,,,,,,
rxn:1:60111:44046,0.36457,,,,,,,
rxn:1:60111:47440,0.338559,,,,,,,
rxn:1:60111:43299,0.329419,,,,,,,
rxn:1:60111:116977,0.317007,,,,,,,
rxn:1:60111:27695,0.316978,,,,,,,
rxn:1:60111:88952,0.310058,,,,,,,
rxn:1:60111:179440,0.306585,,,,,,,
rxn:1:60111:44404,0.287086,,,,,,,
rxn:1:60111:162440,0.28388,,,,,,,
rxn:1:60111:44080,0.26068,,,,,,,
rxn:1:60111:129939,0.255725,,,,,,,
rxn:1:60111:84408,0.252455,,,,,,,
rxn:1:60111:79283,0.250844,,,,,,,
rxn:1:60111:82378,0.238986,,,,,,,
rxn:1:60111:145440,0.235571,,,,,,,
rxn:1:60111:128299,0.221901,,,,,,,
rxn:1:60111:44019,0.211479,,,,,,,
rxn:1:60111:187299,0.210053,,,,,,,
rxn:1:60111:58593,0.208892,,,,,,,
rxn:1:60111:129911,0.196614,,,,,,,
rxn:1:60111:39851,0.1891707273629996,23169.0,Q4QQW4,51.0,NC(c1cn(I)nn1)c1cccs1,5ED6e5fK6saqypJsB5UL8NbDiMvAn21KLSe77GeSp9c1wfQR,5GZDZJZok82n7cY7XZ3M77WjfCowWwAVaCRk9pNXGtnN4zzx,2026-06-08T21:41:10+00:00
rxn:1:60111:82994,0.187704,,,,,,,
rxn:1:60111:29962,0.1830433377852807,23169.0,Q4QQW4,43.0,CCC(O)C(C)(O)c1cn(I)nn1,5C7nC15ebbcwAmhUP18pV1zhKiXAswK9MKLFkFFTMzm3mwpy,5DDSVRzLJ9ysTGSYe86QxBJBZ2dtktj9abdgxDXJ8Z6SrBdY,2026-06-08T21:41:10+00:00
rxn:1:60111:31299,0.179876,,,,,,,
rxn:1:60111:7586,0.178277,,,,,,,
rxn:1:60111:142997,0.173434,,,,,,,
rxn:1:41711:23825,0.1709862521716527,23169.0,Q4QQW4,45.0,Brc1cc(I)ccc1-n1cc(C2(n3ccnc3)CC2)nn1,5GnaLUR9kQKNoJvcmyMSyTdgSmSCHnVuxo41Ut8TkWUBoSRc,5EvpaL11ef7DmbyH7JZvRypq4mRVDuBNUVVMjhsnMU8GdDy5,2026-06-08T21:41:10+00:00
rxn:1:60111:134408,0.166962,,,,,,,
rxn:1:60111:208299,0.164368,,,,,,,
rxn:1:60111:1954,0.1642279369490487,23169.0,Q4QQW4,39.0,CNc1ncc(-c2cn(I)nn2)cn1,5FLFxfZHgSdKfUCiCfSGainQohZx96Nn7NigoqWrRBfs4tQ8,5ExiQCRMeekU5w4RNfL6AsxgQZjcpTBseNZLPW5Zfgyh7pJd,2026-06-08T21:41:10+00:00
rxn:1:60111:32728,0.1593042353789012,23189.0,Q4QQW4,38.0,F[C@]12CCC[C@]1(c1cn(I)nn1)CNC2,5FEumR4bePnD8wbXUEQTQKGWgqrh3CSRKFgv3kHA8hjnMVfp,5F1RWsGeB9MbEeDi7yAmW2FpyUQi3AZ6uuqt7RbSE5DjpHQH,2026-06-09T21:45:13+00:00
rxn:1:43756:39638,0.1590499830245972,23169.0,Q4QQW4,41.0,Cc1cc(C=O)cnc1N(C)Cc1cn(-c2ccc(I)cc2F)nn1,5DfWzqT3eydoTBzTh1oby9ZoYYWsP4bQ4NWrhRzf47xoepjd,5DDSVRzLJ9ysTGSYe86QxBJBZ2dtktj9abdgxDXJ8Z6SrBdY,2026-06-08T21:41:10+00:00
rxn:1:42573:32421,0.1582448534343554,23193.0,Q4QQW4,63.0,NNC(=O)c1ccc(C#CCn2cc(-c3ncc(Br)[nH]3)nn2)s1,5Ek25STm4aUT4CeKkLNzjTgXVy4LaNp8vdjoNFtX5w5UGDWT,5CwisvtrcF386MhHuUdrV5pDbBniYP1HoXP8r631yxheX3tM,2026-06-10T02:30:14+00:00
rxn:1:58934:23379,0.1555363786847968,23189.0,Q4QQW4,57.0,Cc1cccc(S(=O)(=O)n2cc(CCCS)nn2)c1,5DepSUKmnctbQs9G6c2pjgr7ZCD9y8ZTtJw5iRXVePhvmD5X,5EvpaL11ef7DmbyH7JZvRypq4mRVDuBNUVVMjhsnMU8GdDy5,2026-06-09T21:45:13+00:00
rxn:1:50325:39443,0.1551950120925903,23189.0,Q4QQW4,34.0,NNC(=O)c1ccc(C2C(Cn3cc(-c4ccns4)nn3)C2(F)F)s1,5DhS6oYFqaHaJLjPUNefoCJSrUsizGsXPeNUg4AB4c8dzQya,5ERJS9fpDW6WhC62Ug5ynXoojqsNeNVruwJj3GSCbGicJx5s,2026-06-09T21:45:13+00:00
rxn:1:41711:23819,0.1548883368571599,23189.0,Q4QQW4,44.0,Brc1cc(I)ccc1-n1cc(C2(n3ccnn3)CCSCC2)nn1,5FpRmU4tvJmF34RHSYNi1MjJyJCyhXqWRF7xzAQezLXDByA9,5DDSVRzLJ9ysTGSYe86QxBJBZ2dtktj9abdgxDXJ8Z6SrBdY,2026-06-09T21:45:13+00:00
rxn:1:62904:23379,0.1543450481013248,23189.0,Q4QQW4,8.0,C[C@@H](c1ccc(Br)cc1F)n1cc(CCCS)nn1,5HbYAsFP83TgTc2n6HjvEdNo4SLuBNa95axFAvdt858Quju5,5DDSVRzLJ9ysTGSYe86QxBJBZ2dtktj9abdgxDXJ8Z6SrBdY,2026-06-09T21:45:13+00:00
rxn:1:62070:23379,0.1543450481013248,23189.0,Q4QQW4,26.0,C[C@@H](c1ccc(Br)cc1F)n1cc(CCCS)nn1,5GnaLUR9kQKNoJvcmyMSyTdgSmSCHnVuxo41Ut8TkWUBoSRc,5EvpaL11ef7DmbyH7JZvRypq4mRVDuBNUVVMjhsnMU8GdDy5,2026-06-09T21:45:13+00:00
rxn:1:42127:23379,0.1541496703499242,23189.0,Q4QQW4,63.0,CC(c1ccc(Br)cc1F)n1cc(CCCS)nn1,5Ek25STm4aUT4CeKkLNzjTgXVy4LaNp8vdjoNFtX5w5UGDWT,5CwisvtrcF386MhHuUdrV5pDbBniYP1HoXP8r631yxheX3tM,2026-06-09T21:45:13+00:00
rxn:1:50325:32421,0.1525448927512536,23169.0,Q4QQW4,11.0,NNC(=O)c1ccc(C2C(Cn3cc(-c4ncc(Br)[nH]4)nn3)C2(F)F)s1,5DPfpjUqjCqr4fXah2xM64pVW7fBwpPNzFFf6c9waVXiP5BB,5F1RWsGeB9MbEeDi7yAmW2FpyUQi3AZ6uuqt7RbSE5DjpHQH,2026-06-08T21:41:10+00:00
rxn:1:59871:23819,0.1521830701828003,23169.0,Q4QQW4,36.0,Fc1cc(I)cc(F)c1-n1cc(C2(n3ccnn3)CCSCC2)nn1,5G3tURqSqSMC2Ed7wBiEjJuwtW96131foGrd6gnCSxRfcCoP,5EvpaL11ef7DmbyH7JZvRypq4mRVDuBNUVVMjhsnMU8GdDy5,2026-06-08T21:41:10+00:00
rxn:1:43730:23819,0.1519670685132345,23213.0,Q4QQW4,60.0,Brc1ccc(-n2cc(C3(n4ccnn4)CCSCC3)nn2)c(I)c1,5DHyJYdpU4yditLtgpgW3sVMGDWV9jCKE6S155YLa4RakXoz,5F1RWsGeB9MbEeDi7yAmW2FpyUQi3AZ6uuqt7RbSE5DjpHQH,2026-06-11T02:32:45+00:00
rxn:1:43756:23819,0.1516327783465385,23169.0,Q4QQW4,56.0,Fc1cc(I)ccc1-n1cc(C2(n3ccnn3)CCSCC2)nn1,5C5NXpbaYFuB11bYP5rNPguQmZWMfwWupFULbJnFbsqwdHKb,5F7TexzUicpdUCtrDUK54n14Kdt8Scc2AaFnZZdGN4JecHaE,2026-06-08T21:41:10+00:00
rxn:1:50325:657,0.15109375,23169.0,Q4QQW4,44.0,NNC(=O)c1ccc(C2C(Cn3cc(-c4ncc[nH]4)nn3)C2(F)F)s1,5D5WR3gFdY4VkM7FFD7SbEU8vE2J22jC2vdsjhyhPqWSdmZe,5EvpaL11ef7DmbyH7JZvRypq4mRVDuBNUVVMjhsnMU8GdDy5,2026-06-08T21:41:10+00:00
rxn:1:50325:39395,0.150333468914032,23189.0,Q4QQW4,56.0,NNC(=O)c1ccc(C2C(Cn3cc(-c4cncs4)nn3)C2(F)F)s1,5EyaVBUQAoZ1HdUBCRRVmJqxp5Yoi5E4JHPVrQLmx7zRMmUk,5DDSVRzLJ9ysTGSYe86QxBJBZ2dtktj9abdgxDXJ8Z6SrBdY,2026-06-09T21:45:13+00:00
rxn:1:50325:39106,0.1492042326927185,23193.0,Q4QQW4,20.0,NNC(=O)c1ccc(C2C(Cn3cc(-c4cn[nH]c4)nn3)C2(F)F)s1,5GrjSpB1MLhwS8hCHgKYktfu9hTavi1aCkuHN9PdzArtxhiX,5H4QZzys1DDnBrHjureUniLrWSaH1ie7Sc5vFkhHhiuUxCBt,2026-06-10T02:30:14+00:00
rxn:1:64149:6341,0.1490602845495397,23213.0,Q4QQW4,15.0,O=C(Cl)OC1(c2cn(Cc3ccc(I)cc3)nn2)CCSC1,5HTntEqAxjRZTyWgRGUWQLexcq5jzqhUyAyKPU4wKcGdgmT6,5EvpaL11ef7DmbyH7JZvRypq4mRVDuBNUVVMjhsnMU8GdDy5,2026-06-11T02:32:45+00:00
rxn:1:62071:23379,0.1488272265384072,23169.0,Q4QQW4,17.0,C[C@H](c1ccc(Br)cc1F)n1cc(CCCS)nn1,5EepKrEevANhhjQvBxiSYY6dL2n8nxSbFyq72yMiPTRWFPSU,5DDSVRzLJ9ysTGSYe86QxBJBZ2dtktj9abdgxDXJ8Z6SrBdY,2026-06-08T21:41:10+00:00
rxn:1:41711:39638,0.1486911487579346,23169.0,Q4QQW4,2.0,Cc1cc(C=O)cnc1N(C)Cc1cn(-c2ccc(I)cc2Br)nn1,5F4QDXd8LDZJ2LZJTcfzX8WFmTx4bMNxMnzStHQJGhz5hAcH,5CwisvtrcF386MhHuUdrV5pDbBniYP1HoXP8r631yxheX3tM,2026-06-08T21:41:10+00:00
rxn:1:43756:23626,0.1486384597691623,23189.0,Q4QQW4,40.0,CC(c1cn(-c2ccc(I)cc2F)nn1)n1cc(C=O)cn1,5EepKrEevANhhjQvBxiSYY6dL2n8nxSbFyq72yMiPTRWFPSU,5DDSVRzLJ9ysTGSYe86QxBJBZ2dtktj9abdgxDXJ8Z6SrBdY,2026-06-09T21:45:13+00:00
rxn:1:65513:23819,0.1483705743499424,23193.0,Q4QQW4,21.0,Ic1ccc(-n2cc(C3(n4ccnn4)CCSCC3)nn2)cc1,5DEyd2sKqXJMxJ1Fct5UWgPssks3vmqciedzBKcV3c5nxQFa,5DZXbYUsMahTTBxotNEegTKXT5FLyPjCvHs9nnnA73TtPNYh,2026-06-10T02:30:14+00:00
rxn:1:59871:5723,0.1482051229476929,23193.0,Q4QQW4,34.0,CCC(Oc1ccc(O)cc1)c1cn(-c2c(F)cc(I)cc2F)nn1,5DhS6oYFqaHaJLjPUNefoCJSrUsizGsXPeNUg4AB4c8dzQya,5ERJS9fpDW6WhC62Ug5ynXoojqsNeNVruwJj3GSCbGicJx5s,2026-06-10T02:30:14+00:00
rxn:1:48865:2180,0.148001965880394,23189.0,Q4QQW4,32.0,CSCC(N)c1cn(-c2ccc(CN(C)C)cc2)nn1,5GmtNRR8rcmLfC2ftC7dofFWemqaToHFJEjN65R8nhfrDhaf,5EvpaL11ef7DmbyH7JZvRypq4mRVDuBNUVVMjhsnMU8GdDy5,2026-06-09T21:45:13+00:00
rxn:1:44021:23379,0.1479685494774266,23206.0,Q4QQW4,37.0,Cc1ccccc1S(=O)(=O)n1cc(CCCS)nn1,5GmtNRR8rcmLfC2ftC7dofFWemqaToHFJEjN65R8nhfrDhaf,5EvpaL11ef7DmbyH7JZvRypq4mRVDuBNUVVMjhsnMU8GdDy5,2026-06-10T18:09:29+00:00
rxn:1:62688:39639,0.1472136011490455,23169.0,Q4QQW4,25.0,Cc1nn(C)c(N(C)Cc2cn(-c3cc(I)cc(I)c3I)nn2)c1C=O,5FpRmU4tvJmF34RHSYNi1MjJyJCyhXqWRF7xzAQezLXDByA9,5DDSVRzLJ9ysTGSYe86QxBJBZ2dtktj9abdgxDXJ8Z6SrBdY,2026-06-08T21:41:10+00:00
rxn:1:61827:39635,0.1470399951934814,23193.0,Q4QQW4,22.0,CN(Cc1cn(-c2ccc(I)c(Br)c2)nn1)c1ncnc(Cl)c1C=O,5CQ4v4QV2UR9QCpxozJqXTumPLySZYUk4Jfn7VvzYQaNBUiw,5EvpaL11ef7DmbyH7JZvRypq4mRVDuBNUVVMjhsnMU8GdDy5,2026-06-10T02:30:14+00:00
rxn:1:41711:14754,0.1468536406755447,23205.0,Q4QQW4,4.0,CC(Oc1ncc(N)cc1Br)c1cn(-c2ccc(I)cc2Br)nn1,5EJDguDZhDm4dKpUgf1y6nGcoRHjmFpbtYMwMhWSm6GZncnB,5GZDZJZok82n7cY7XZ3M77WjfCowWwAVaCRk9pNXGtnN4zzx,2026-06-10T17:02:24+00:00
rxn:1:65513:39639,0.1468531290690104,23205.0,Q4QQW4,8.0,Cc1nn(C)c(N(C)Cc2cn(-c3ccc(I)cc3)nn2)c1C=O,5HbYAsFP83TgTc2n6HjvEdNo4SLuBNa95axFAvdt858Quju5,5DDSVRzLJ9ysTGSYe86QxBJBZ2dtktj9abdgxDXJ8Z6SrBdY,2026-06-10T17:02:24+00:00
rxn:1:50325:2783,0.1461917368265299,23213.0,Q4QQW4,12.0,Cc1cc(-c2cn(CC3C(c4ccc(C(=O)NN)s4)C3(F)F)nn2)n[nH]1,5Cf7GeZrmBJDCj6RVat3fcQUhfdFAT3MfwyYdzZEndP4NPTe,5CAHGGttoG4vwhnovZragtmJbp7GkNVrUXbqMrfUxiYXAPJn,2026-06-11T02:32:45+00:00
rxn:1:43756:6602,0.1461881995201111,23189.0,Q4QQW4,59.0,Cc1nn2ccn(Cc3cn(-c4ccc(I)cc4F)nn3)c2c1C#N,5ETvRCP9W3YKQKVZXKqi2KnnmDnSLnVmPQoxBDTy6SNRWaeR,5GjmEbUrTzr9ckoKRkziwm89QdY94DhEK2YAYhdErYSp68EL,2026-06-09T21:45:13+00:00
rxn:1:59871:23811,0.1461134624481201,23189.0,Q4QQW4,35.0,Fc1cc(I)cc(F)c1-n1cc(C2(n3cncn3)CCSCC2)nn1,5EbkgiLWxKj4T2UTUqFnF7sJEhAmFGme4oGpKWiVrS1YjPGi,5F1RWsGeB9MbEeDi7yAmW2FpyUQi3AZ6uuqt7RbSE5DjpHQH,2026-06-09T21:45:13+00:00
rxn:1:50325:38974,0.1460417413711548,23193.0,Q4QQW4,26.0,NNC(=O)c1ccc(C2C(Cn3cc(-c4cscn4)nn3)C2(F)F)s1,5GnaLUR9kQKNoJvcmyMSyTdgSmSCHnVuxo41Ut8TkWUBoSRc,5EvpaL11ef7DmbyH7JZvRypq4mRVDuBNUVVMjhsnMU8GdDy5,2026-06-10T02:30:14+00:00
rxn:1:62192:2180,0.1458402546969327,23189.0,Q4QQW4,21.0,CSCC(N)c1cn(-c2ccc(CN3CCCC3)cc2)nn1,5DEyd2sKqXJMxJ1Fct5UWgPssks3vmqciedzBKcV3c5nxQFa,5DZXbYUsMahTTBxotNEegTKXT5FLyPjCvHs9nnnA73TtPNYh,2026-06-09T21:45:13+00:00
rxn:1:43756:7439,0.1457907229661942,23193.0,Q4QQW4,55.0,C[Si](C)(CCCCl)c1cn(-c2ccc(I)cc2F)nn1,5HjRab4totmcmTG1iLaXe9qDMfFGxQ6BpnKLFqtcZUgMdsFn,5DDSVRzLJ9ysTGSYe86QxBJBZ2dtktj9abdgxDXJ8Z6SrBdY,2026-06-10T02:30:14+00:00
rxn:1:43756:10961,0.1456482236584028,23193.0,Q4QQW4,53.0,Nc1ncnc2c1ncn2Cc1cn(-c2ccc(I)cc2F)nn1,5CtAbmpfdaNAsbyt9Cz5Nr4uimKHQPRrKia8WwYT8DKPLwvC,5ExiQCRMeekU5w4RNfL6AsxgQZjcpTBseNZLPW5Zfgyh7pJd,2026-06-10T02:30:14+00:00
rxn:1:60111:32589,0.1455889642238617,23206.0,Q4QQW4,60.0,Fc1nc(Br)ccc1-c1cn(I)nn1,5DHyJYdpU4yditLtgpgW3sVMGDWV9jCKE6S155YLa4RakXoz,5F1RWsGeB9MbEeDi7yAmW2FpyUQi3AZ6uuqt7RbSE5DjpHQH,2026-06-10T18:09:29+00:00
rxn:1:50325:658,0.1455220651626587,23189.0,Q4QQW4,47.0,NNC(=O)c1ccc(C2C(Cn3cc(-c4ccc[nH]4)nn3)C2(F)F)s1,5HTmwrcmqjgs5iGYppJ8ujMCnCp3dnwHxvPLUGzCTUM4NRan,5ExiQCRMeekU5w4RNfL6AsxgQZjcpTBseNZLPW5Zfgyh7pJd,2026-06-09T21:45:13+00:00
rxn:1:43756:6508,0.1451234448523749,23206.0,Q4QQW4,17.0,O=Cc1cnn(Cc2cn(-c3ccc(I)cc3F)nn2)c1,5FxN6Q8RqwJ7XQbQYFVijog4qfu1HUoMfia2r9tgPSMZsciZ,5CwisvtrcF386MhHuUdrV5pDbBniYP1HoXP8r631yxheX3tM,2026-06-10T18:09:29+00:00
rxn:1:60111:38410,0.1448061496019363,23193.0,Q4QQW4,40.0,NC1(c2cn(I)nn2)CC1,5EepKrEevANhhjQvBxiSYY6dL2n8nxSbFyq72yMiPTRWFPSU,5DDSVRzLJ9ysTGSYe86QxBJBZ2dtktj9abdgxDXJ8Z6SrBdY,2026-06-10T02:30:14+00:00
rxn:1:42029:23819,0.1443899472554525,23213.0,Q4QQW4,19.0,Cc1ccc(-n2cc(C3(n4ccnn4)CCSCC3)nn2)cc1I,5GP2tpxYdNqAoj55vjknSijr8dfk5Lfp5AtR8WhqoV4dPNzi,5GZDZJZok82n7cY7XZ3M77WjfCowWwAVaCRk9pNXGtnN4zzx,2026-06-11T02:32:45+00:00
rxn:1:50325:31138,0.1440685528975267,23206.0,Q4QQW4,55.0,NNC(=O)c1ccc(C2C(Cn3cc(-c4nnc(Br)s4)nn3)C2(F)F)s1,5HjRab4totmcmTG1iLaXe9qDMfFGxQ6BpnKLFqtcZUgMdsFn,5DDSVRzLJ9ysTGSYe86QxBJBZ2dtktj9abdgxDXJ8Z6SrBdY,2026-06-10T18:09:29+00:00
rxn:1:60111:204409,0.143719,,,,,,,
rxn:1:49432:23628,0.1437071114778519,23169.0,Q4QQW4,29.0,CC(c1cn(C2(CI)CCNC2)nn1)n1cc(Br)cn1,5HbYAsFP83TgTc2n6HjvEdNo4SLuBNa95axFAvdt858Quju5,5DDSVRzLJ9ysTGSYe86QxBJBZ2dtktj9abdgxDXJ8Z6SrBdY,2026-06-08T21:41:10+00:00
rxn:1:55769:32421,0.1434659312168757,23189.0,Q4QQW4,55.0,NNC(=O)c1ccc(C2CC2Cn2cc(-c3ncc(Br)[nH]3)nn2)s1,5HjRab4totmcmTG1iLaXe9qDMfFGxQ6BpnKLFqtcZUgMdsFn,5DDSVRzLJ9ysTGSYe86QxBJBZ2dtktj9abdgxDXJ8Z6SrBdY,2026-06-09T21:45:13+00:00
rxn:1:60111:8639,0.1434203286965688,23169.0,Q4QQW4,63.0,NC1(c2cn(I)nn2)CC2(CCCC2)C1,5EJ7P3hso6z4FShPwohWEqfDAE3BXhNSTUkVA2NnLuGCJwX1,5DDSVRzLJ9ysTGSYe86QxBJBZ2dtktj9abdgxDXJ8Z6SrBdY,2026-06-08T21:41:10+00:00
rxn:1:50325:1726,0.143394254721128,23206.0,Q4QQW4,14.0,NNC(=O)c1ccc(C2C(Cn3cc(-c4cnc(Br)s4)nn3)C2(F)F)s1,5DX3bBzDVjhYeigGrumbYzpdKqzFxiTi3xY6QfpwrabLfsCq,5DDSVRzLJ9ysTGSYe86QxBJBZ2dtktj9abdgxDXJ8Z6SrBdY,2026-06-10T18:09:29+00:00
rxn:1:55904:47,0.1431761771440506,23193.0,Q4QQW4,31.0,N#Cc1cnn(Cc2cn(-c3ncc(Br)s3)nn2)c1Br,5HR4bEZ5Zq153qobv89PD5wnvhkFuE5uxG6RMs1WLXoDt9aM,5ExiQCRMeekU5w4RNfL6AsxgQZjcpTBseNZLPW5Zfgyh7pJd,2026-06-10T02:30:14+00:00
rxn:1:62192:2080,0.1428749198498933,23193.0,Q4QQW4,29.0,CCCCC(N)c1cn(-c2ccc(CN3CCCC3)cc2)nn1,5HKuuPHERHZ65EGs5UVTMPYN8sExcwusJw1AMcHXEv9yYtyN,5H4QZzys1DDnBrHjureUniLrWSaH1ie7Sc5vFkhHhiuUxCBt,2026-06-10T02:30:14+00:00
rxn:1:60111:38417,0.1427929509769786,23169.0,Q4QQW4,33.0,FC1(c2cn(I)nn2)CNC1,5HjRab4totmcmTG1iLaXe9qDMfFGxQ6BpnKLFqtcZUgMdsFn,5DDSVRzLJ9ysTGSYe86QxBJBZ2dtktj9abdgxDXJ8Z6SrBdY,2026-06-08T21:41:10+00:00
rxn:1:41711:6341,0.1427203687754544,23193.0,Q4QQW4,41.0,O=C(Cl)OC1(c2cn(-c3ccc(I)cc3Br)nn2)CCSC1,5EJ7P3hso6z4FShPwohWEqfDAE3BXhNSTUkVA2NnLuGCJwX1,5DDSVRzLJ9ysTGSYe86QxBJBZ2dtktj9abdgxDXJ8Z6SrBdY,2026-06-10T02:30:14+00:00
rxn:1:42573:1878,0.1426311302185058,23193.0,Q4QQW4,25.0,NNC(=O)c1ccc(C#CCn2cc(-c3cc(Br)c[nH]c3=O)nn2)s1,5C5NXpbaYFuB11bYP5rNPguQmZWMfwWupFULbJnFbsqwdHKb,5F7TexzUicpdUCtrDUK54n14Kdt8Scc2AaFnZZdGN4JecHaE,2026-06-10T02:30:14+00:00
rxn:1:50325:3249,0.1423898889468266,23213.0,Q4QQW4,1.0,NNC(=O)c1ccc(C2C(Cn3cc(-c4ncc(Br)s4)nn3)C2(F)F)s1,5EJ7P3hso6z4FShPwohWEqfDAE3BXhNSTUkVA2NnLuGCJwX1,5DDSVRzLJ9ysTGSYe86QxBJBZ2dtktj9abdgxDXJ8Z6SrBdY,2026-06-11T02:32:45+00:00
rxn:1:55948:2180,0.1423409581184387,23193.0,Q4QQW4,56.0,CSCC(N)c1cn(CCI)nn1,5DfWzqT3eydoTBzTh1oby9ZoYYWsP4bQ4NWrhRzf47xoepjd,5DDSVRzLJ9ysTGSYe86QxBJBZ2dtktj9abdgxDXJ8Z6SrBdY,2026-06-10T02:30:14+00:00
rxn:1:62688:23819,0.1420577192306519,23169.0,Q4QQW4,55.0,Ic1cc(I)c(I)c(-n2cc(C3(n4ccnn4)CCSCC3)nn2)c1,5FjSxGWFGQJQPfzxSLk9gvZAyHJPNuTDvxzuURCuyk6nYChz,5H4QZzys1DDnBrHjureUniLrWSaH1ie7Sc5vFkhHhiuUxCBt,2026-06-08T21:41:10+00:00
rxn:1:62190:2180,0.1418073489552452,23189.0,Q4QQW4,17.0,CSCC(N)c1cn(-c2ccc(CN3CCC3)cc2)nn1,5FjSxGWFGQJQPfzxSLk9gvZAyHJPNuTDvxzuURCuyk6nYChz,5H4QZzys1DDnBrHjureUniLrWSaH1ie7Sc5vFkhHhiuUxCBt,2026-06-09T21:45:13+00:00
rxn:1:41711:6508,0.1416824545179095,23206.0,Q4QQW4,32.0,O=Cc1cnn(Cc2cn(-c3ccc(I)cc3Br)nn2)c1,5Ek25STm4aUT4CeKkLNzjTgXVy4LaNp8vdjoNFtX5w5UGDWT,5CwisvtrcF386MhHuUdrV5pDbBniYP1HoXP8r631yxheX3tM,2026-06-10T18:09:29+00:00
rxn:1:59871:14754,0.1416111660003662,23206.0,Q4QQW4,12.0,CC(Oc1ncc(N)cc1Br)c1cn(-c2c(F)cc(I)cc2F)nn1,5Cf7GeZrmBJDCj6RVat3fcQUhfdFAT3MfwyYdzZEndP4NPTe,5CAHGGttoG4vwhnovZragtmJbp7GkNVrUXbqMrfUxiYXAPJn,2026-06-10T18:09:29+00:00
rxn:1:42573:31919,0.1414386963844299,23205.0,Q4QQW4,21.0,Cc1c[nH]c(=O)c(-c2cn(CC#Cc3ccc(C(=O)NN)s3)nn2)c1,5EyaVBUQAoZ1HdUBCRRVmJqxp5Yoi5E4JHPVrQLmx7zRMmUk,5DDSVRzLJ9ysTGSYe86QxBJBZ2dtktj9abdgxDXJ8Z6SrBdY,2026-06-10T17:02:24+00:00
rxn:1:60111:38459,0.1409489044121333,23193.0,Q4QQW4,47.0,OC1(c2cn(I)nn2)CC2CCC1C2,5H1RZMrwFGFBkxTnr97RdymDXCcq2aRhvjWbjN4eyAhnP5rA,5DZXbYUsMahTTBxotNEegTKXT5FLyPjCvHs9nnnA73TtPNYh,2026-06-10T02:30:14+00:00
rxn:1:50325:1305,0.1408990300618685,23193.0,Q4QQW4,6.0,Cc1cc(-c2cn(CC3C(c4ccc(C(=O)NN)s4)C3(F)F)nn2)sn1,5FLPhFDnajbTckwont9g976dKiiZGsdvtRxw9iFNvtHdrz5u,5FQoP9kkvcPYHbRzLTuWPXB1owLsxJsW8QG7W9qvP4fJ5XH7,2026-06-10T02:30:14+00:00
rxn:1:65513:23626,0.1406199477967762,23206.0,Q4QQW4,35.0,CC(c1cn(-c2ccc(I)cc2)nn1)n1cc(C=O)cn1,5GrjSpB1MLhwS8hCHgKYktfu9hTavi1aCkuHN9PdzArtxhiX,5H4QZzys1DDnBrHjureUniLrWSaH1ie7Sc5vFkhHhiuUxCBt,2026-06-10T18:09:29+00:00
rxn:1:55769:657,0.1405809236609417,23193.0,Q4QQW4,14.0,NNC(=O)c1ccc(C2CC2Cn2cc(-c3ncc[nH]3)nn2)s1,5FLFxfZHgSdKfUCiCfSGainQohZx96Nn7NigoqWrRBfs4tQ8,5ExiQCRMeekU5w4RNfL6AsxgQZjcpTBseNZLPW5Zfgyh7pJd,2026-06-10T02:30:14+00:00
rxn:1:42573:32756,0.1404581930902269,23213.0,Q4QQW4,14.0,NNC(=O)c1ccc(C#CCn2cc(C3(NC(N)=O)CCCCC3)nn2)s1,5DX3bBzDVjhYeigGrumbYzpdKqzFxiTi3xY6QfpwrabLfsCq,5DDSVRzLJ9ysTGSYe86QxBJBZ2dtktj9abdgxDXJ8Z6SrBdY,2026-06-11T02:32:45+00:00
rxn:1:41711:23826,0.1404481936584819,23205.0,Q4QQW4,22.0,Brc1cc(I)ccc1-n1cc(C2(n3ccnc3)CCC2)nn1,5DhS6oYFqaHaJLjPUNefoCJSrUsizGsXPeNUg4AB4c8dzQya,5ERJS9fpDW6WhC62Ug5ynXoojqsNeNVruwJj3GSCbGicJx5s,2026-06-10T17:02:24+00:00
rxn:1:50325:37786,0.1404154805036691,23193.0,Q4QQW4,17.0,NNC(=O)c1ccc(C2C(Cn3cc(-c4sccc4N)nn3)C2(F)F)s1,5FjSxGWFGQJQPfzxSLk9gvZAyHJPNuTDvxzuURCuyk6nYChz,5H4QZzys1DDnBrHjureUniLrWSaH1ie7Sc5vFkhHhiuUxCBt,2026-06-10T02:30:14+00:00
rxn:1:61827:39638,0.1403888845443726,23193.0,Q4QQW4,33.0,Cc1cc(C=O)cnc1N(C)Cc1cn(-c2ccc(I)c(Br)c2)nn1,5FuhZEPyhXVUC4vTKCBVWQcFskkBKv4o1SBQhSVHypcoiViD,5H4QZzys1DDnBrHjureUniLrWSaH1ie7Sc5vFkhHhiuUxCBt,2026-06-10T02:30:14+00:00
rxn:1:41907:23819,0.1403233011563619,23206.0,Q4QQW4,59.0,Clc1cc(I)ccc1-n1cc(C2(n3ccnn3)CCSCC2)nn1,5Cu82Kk362oZUA3Lk91TwYcmzpRbTL9YW5DFkRX91E9puZfM,5CwisvtrcF386MhHuUdrV5pDbBniYP1HoXP8r631yxheX3tM,2026-06-10T18:09:29+00:00
rxn:1:41711:39639,0.1398395347595215,23193.0,Q4QQW4,44.0,Cc1nn(C)c(N(C)Cc2cn(-c3ccc(I)cc3Br)nn2)c1C=O,5FpRmU4tvJmF34RHSYNi1MjJyJCyhXqWRF7xzAQezLXDByA9,5DDSVRzLJ9ysTGSYe86QxBJBZ2dtktj9abdgxDXJ8Z6SrBdY,2026-06-10T02:30:14+00:00
rxn:1:61788:14754,0.1396746206283569,23193.0,Q4QQW4,39.0,CC(Oc1ncc(N)cc1Br)c1cn(-c2ccc3c(c2)NCC3)nn1,5Fn1Br6GtecrJEef3wHjmo8ifjcYbEgoHLQKwEmt1LUe1wWb,5EvpaL11ef7DmbyH7JZvRypq4mRVDuBNUVVMjhsnMU8GdDy5,2026-06-10T02:30:14+00:00
rxn:1:50325:32589,0.1396088429859706,23189.0,Q4QQW4,41.0,NNC(=O)c1ccc(C2C(Cn3cc(-c4ccc(Br)nc4F)nn3)C2(F)F)s1,5EJ7P3hso6z4FShPwohWEqfDAE3BXhNSTUkVA2NnLuGCJwX1,5DDSVRzLJ9ysTGSYe86QxBJBZ2dtktj9abdgxDXJ8Z6SrBdY,2026-06-09T21:45:13+00:00
rxn:1:50325:39550,0.1395568297459529,23205.0,Q4QQW4,33.0,NNC(=O)c1ccc(C2C(Cn3cc(-c4cc(Br)co4)nn3)C2(F)F)s1,5CtAbmpfdaNAsbyt9Cz5Nr4uimKHQPRrKia8WwYT8DKPLwvC,5ExiQCRMeekU5w4RNfL6AsxgQZjcpTBseNZLPW5Zfgyh7pJd,2026-06-10T17:02:24+00:00
rxn:1:62064:660,0.1394444766797517,23205.0,Q4QQW4,37.0,O=S(=O)(c1ccccc1)n1cc(CCCCS)nn1,5GmtNRR8rcmLfC2ftC7dofFWemqaToHFJEjN65R8nhfrDhaf,5EvpaL11ef7DmbyH7JZvRypq4mRVDuBNUVVMjhsnMU8GdDy5,2026-06-10T17:02:24+00:00
rxn:1:61827:23819,0.1392802273233732,23205.0,Q4QQW4,45.0,Brc1cc(-n2cc(C3(n4ccnn4)CCSCC3)nn2)ccc1I,5FX1WLHvQnVsxsV6rGfek6atkUyoG69TEHUECHXTfRFqERCx,5FC9JzvvCLCE33xQYEiEuzeFGpUY3AbZkTyx731JjaV3mGkD,2026-06-10T17:02:24+00:00
rxn:1:43756:14754,0.1391939322153727,23206.0,Q4QQW4,46.0,CC(Oc1ncc(N)cc1Br)c1cn(-c2ccc(I)cc2F)nn1,5HKuuPHERHZ65EGs5UVTMPYN8sExcwusJw1AMcHXEv9yYtyN,5H4QZzys1DDnBrHjureUniLrWSaH1ie7Sc5vFkhHhiuUxCBt,2026-06-10T18:09:29+00:00
rxn:1:59871:6349,0.1390809339025746,23206.0,Q4QQW4,63.0,O=C(Cl)OC1(c2cn(-c3c(F)cc(I)cc3F)nn2)CCCC1,5EJVufbr5VPeNXU7hPvffsVhn4iatubxYZnnzwgs2mVDpKVs,5EvpaL11ef7DmbyH7JZvRypq4mRVDuBNUVVMjhsnMU8GdDy5,2026-06-10T18:09:29+00:00
rxn:1:60111:2689,0.1387571522167751,23189.0,Q4QQW4,4.0,Fc1ncc(Cl)cc1-c1cn(I)nn1,5DUmwxNP3TLUF71vXZrCEhxvdGo72Mg3i97BhjCpTGZhdd3y,5ExiQCRMeekU5w4RNfL6AsxgQZjcpTBseNZLPW5Zfgyh7pJd,2026-06-09T21:45:13+00:00
rxn:1:60111:32836,0.1386597427454862,23193.0,Q4QQW4,27.0,O=C(Nc1ccccc1)NC1(c2cn(I)nn2)CCCCC1,5Cu82Kk362oZUA3Lk91TwYcmzpRbTL9YW5DFkRX91E9puZfM,5CwisvtrcF386MhHuUdrV5pDbBniYP1HoXP8r631yxheX3tM,2026-06-10T02:30:14+00:00
rxn:1:48865:39392,0.1385151982307434,23193.0,Q4QQW4,28.0,CCCC(=O)c1cn(-c2ccc(CN(C)C)cc2)nn1,5DHyJYdpU4yditLtgpgW3sVMGDWV9jCKE6S155YLa4RakXoz,5F1RWsGeB9MbEeDi7yAmW2FpyUQi3AZ6uuqt7RbSE5DjpHQH,2026-06-10T02:30:14+00:00
rxn:1:55904:39640,0.1384006114233108,23205.0,Q4QQW4,49.0,CN(Cc1cn(-c2ncc(Br)s2)nn1)c1csc(C=O)c1,5C7nC15ebbcwAmhUP18pV1zhKiXAswK9MKLFkFFTMzm3mwpy,5DDSVRzLJ9ysTGSYe86QxBJBZ2dtktj9abdgxDXJ8Z6SrBdY,2026-06-10T17:02:24+00:00
rxn:1:60111:38102,0.1380476309702947,23189.0,Q4QQW4,14.0,Brc1cncc(-c2cn(I)nn2)c1,5FLFxfZHgSdKfUCiCfSGainQohZx96Nn7NigoqWrRBfs4tQ8,5ExiQCRMeekU5w4RNfL6AsxgQZjcpTBseNZLPW5Zfgyh7pJd,2026-06-09T21:45:13+00:00
rxn:1:65513:39638,0.1379639431834221,23169.0,Q4QQW4,59.0,Cc1cc(C=O)cnc1N(C)Cc1cn(-c2ccc(I)cc2)nn1,5CPuLZDi2DTNSsbj1LxfVMiPZZVyv7RTWxGEPmxkiscLvFW8,5EvpaL11ef7DmbyH7JZvRypq4mRVDuBNUVVMjhsnMU8GdDy5,2026-06-08T21:41:10+00:00
rxn:1:60111:123810,0.137809,,,,,,,
rxn:1:62193:2180,0.1375906571097996,23213.0,Q4QQW4,17.0,CSCC(N)c1cn(-c2ccc(CN3CCCCC3)cc2)nn1,5FxN6Q8RqwJ7XQbQYFVijog4qfu1HUoMfia2r9tgPSMZsciZ,5CwisvtrcF386MhHuUdrV5pDbBniYP1HoXP8r631yxheX3tM,2026-06-11T02:32:45+00:00
rxn:1:61791:7439,0.1375022367997603,23205.0,Q4QQW4,50.0,C[Si](C)(CCCCl)c1cn(-c2ccc(I)cc2[N+](=O)[O-])nn1,5G1Exww53xg6TtNd3mvoxm2Ea6gcALPMXJaAmXN1UQWnrXbM,5EvpaL11ef7DmbyH7JZvRypq4mRVDuBNUVVMjhsnMU8GdDy5,2026-06-10T17:02:24+00:00
rxn:1:50325:2756,0.1374928443520158,23206.0,Q4QQW4,52.0,Cc1cc(Br)c(-c2cn(CC3C(c4ccc(C(=O)NN)s4)C3(F)F)nn2)s1,5F4QDXd8LDZJ2LZJTcfzX8WFmTx4bMNxMnzStHQJGhz5hAcH,5CwisvtrcF386MhHuUdrV5pDbBniYP1HoXP8r631yxheX3tM,2026-06-10T18:09:29+00:00
rxn:1:49433:39712,0.1373515961801305,23205.0,Q4QQW4,30.0,FS(F)(F)(F)(F)c1cn(C2(CI)CNC2)nn1,5DepSUKmnctbQs9G6c2pjgr7ZCD9y8ZTtJw5iRXVePhvmD5X,5EvpaL11ef7DmbyH7JZvRypq4mRVDuBNUVVMjhsnMU8GdDy5,2026-06-10T17:02:24+00:00
rxn:1:50325:39018,0.1371512824091418,23213.0,Q4QQW4,3.0,NNC(=O)c1ccc(C2C(Cn3cc(-c4cc5cn[nH]c5cn4)nn3)C2(F)F)s1,5HbYAsFP83TgTc2n6HjvEdNo4SLuBNa95axFAvdt858Quju5,5DDSVRzLJ9ysTGSYe86QxBJBZ2dtktj9abdgxDXJ8Z6SrBdY,2026-06-11T02:32:45+00:00
rxn:1:43756:5723,0.1370744258165359,23206.0,Q4QQW4,56.0,CCC(Oc1ccc(O)cc1)c1cn(-c2ccc(I)cc2F)nn1,5DfWzqT3eydoTBzTh1oby9ZoYYWsP4bQ4NWrhRzf47xoepjd,5DDSVRzLJ9ysTGSYe86QxBJBZ2dtktj9abdgxDXJ8Z6SrBdY,2026-06-10T18:09:29+00:00
rxn:1:50325:1060,0.1370458855078771,23189.0,Q4QQW4,53.0,NNC(=O)c1ccc(C2C(Cn3cc(-c4cc(Br)cs4)nn3)C2(F)F)s1,5CtAbmpfdaNAsbyt9Cz5Nr4uimKHQPRrKia8WwYT8DKPLwvC,5ExiQCRMeekU5w4RNfL6AsxgQZjcpTBseNZLPW5Zfgyh7pJd,2026-06-09T21:45:13+00:00
rxn:1:54966:660,0.1369801193475723,23213.0,Q4QQW4,41.0,O=S(=O)(c1ccc(Br)cc1)n1cc(CCCCS)nn1,5DPfpjUqjCqr4fXah2xM64pVW7fBwpPNzFFf6c9waVXiP5BB,5F1RWsGeB9MbEeDi7yAmW2FpyUQi3AZ6uuqt7RbSE5DjpHQH,2026-06-11T02:32:45+00:00
rxn:1:50325:35074,0.1368240736148975,23213.0,Q4QQW4,27.0,NNC(=O)c1ccc(C2C(Cn3cc(-c4ccc(Br)cn4)nn3)C2(F)F)s1,5DUmwxNP3TLUF71vXZrCEhxvdGo72Mg3i97BhjCpTGZhdd3y,5ExiQCRMeekU5w4RNfL6AsxgQZjcpTBseNZLPW5Zfgyh7pJd,2026-06-11T02:32:45+00:00
rxn:1:62067:23379,0.1366485921960128,23193.0,Q4QQW4,2.0,O[C@H](Cn1cc(CCCS)nn1)c1cccc(Br)c1,5Cf7GeZrmBJDCj6RVat3fcQUhfdFAT3MfwyYdzZEndP4NPTe,5CAHGGttoG4vwhnovZragtmJbp7GkNVrUXbqMrfUxiYXAPJn,2026-06-10T02:30:14+00:00
rxn:1:65513:2316,0.1365013544758161,23206.0,Q4QQW4,25.0,CCC(Nc1ncc(C(=O)O)s1)c1cn(-c2ccc(I)cc2)nn1,5CZspf3UVUokqhqvNGnuv8MWYWSDNUPRyj1BxyaR8nwRfmug,5DZXbYUsMahTTBxotNEegTKXT5FLyPjCvHs9nnnA73TtPNYh,2026-06-10T18:09:29+00:00
rxn:1:60111:37899,0.1364907576487615,23169.0,Q4QQW4,47.0,NCc1sccc1-c1cn(I)nn1,5FxN6Q8RqwJ7XQbQYFVijog4qfu1HUoMfia2r9tgPSMZsciZ,5CwisvtrcF386MhHuUdrV5pDbBniYP1HoXP8r631yxheX3tM,2026-06-08T21:41:10+00:00
rxn:1:43756:39639,0.1360138368606567,23189.0,Q4QQW4,15.0,Cc1nn(C)c(N(C)Cc2cn(-c3ccc(I)cc3F)nn2)c1C=O,5CFVtQjHeZ4iTbMf6Fug7E1aLAKeERDEAomffRhSqaNDYJtp,5H4QZzys1DDnBrHjureUniLrWSaH1ie7Sc5vFkhHhiuUxCBt,2026-06-09T21:45:13+00:00
rxn:1:43756:38785,0.1357697689974749,23206.0,Q4QQW4,21.0,CN(Cc1cn(-c2ccc(I)cc2F)nn1)c1nc(N)c(C=O)cc1C#N,5EyaVBUQAoZ1HdUBCRRVmJqxp5Yoi5E4JHPVrQLmx7zRMmUk,5DDSVRzLJ9ysTGSYe86QxBJBZ2dtktj9abdgxDXJ8Z6SrBdY,2026-06-10T18:09:29+00:00
rxn:1:42115:23379,0.135750937461853,23206.0,Q4QQW4,29.0,Fc1cccc(F)c1C#CCn1cc(CCCS)nn1,5HR4bEZ5Zq153qobv89PD5wnvhkFuE5uxG6RMs1WLXoDt9aM,5ExiQCRMeekU5w4RNfL6AsxgQZjcpTBseNZLPW5Zfgyh7pJd,2026-06-10T18:09:29+00:00
rxn:1:62190:2080,0.1356487599286166,23193.0,Q4QQW4,35.0,CCCCC(N)c1cn(-c2ccc(CN3CCC3)cc2)nn1,5EbkgiLWxKj4T2UTUqFnF7sJEhAmFGme4oGpKWiVrS1YjPGi,5F1RWsGeB9MbEeDi7yAmW2FpyUQi3AZ6uuqt7RbSE5DjpHQH,2026-06-10T02:30:14+00:00
rxn:1:58566:14754,0.1356124138832092,23206.0,Q4QQW4,24.0,CC(Oc1ncc(N)cc1Br)c1cn(-c2ccc3scnc3c2)nn1,5HTmwrcmqjgs5iGYppJ8ujMCnCp3dnwHxvPLUGzCTUM4NRan,5ExiQCRMeekU5w4RNfL6AsxgQZjcpTBseNZLPW5Zfgyh7pJd,2026-06-10T18:09:29+00:00
rxn:1:41907:39638,0.1350192022323608,23205.0,Q4QQW4,2.0,Cc1cc(C=O)cnc1N(C)Cc1cn(-c2ccc(I)cc2Cl)nn1,5Dnni5GuLvaD6nyyYTpzJwuS2yCkGoGug4naDyFjERg8KZpE,5GZDZJZok82n7cY7XZ3M77WjfCowWwAVaCRk9pNXGtnN4zzx,2026-06-10T17:02:24+00:00
rxn:1:59871:2080,0.1347703218460083,23213.0,Q4QQW4,46.0,CCCCC(N)c1cn(-c2c(F)cc(I)cc2F)nn1,5HKuuPHERHZ65EGs5UVTMPYN8sExcwusJw1AMcHXEv9yYtyN,5H4QZzys1DDnBrHjureUniLrWSaH1ie7Sc5vFkhHhiuUxCBt,2026-06-11T02:32:45+00:00
rxn:1:43756:6617,0.1342537850141525,23213.0,Q4QQW4,30.0,O=Cc1cc2n(Cc3cn(-c4ccc(I)cc4F)nn3)ccn2n1,5DepSUKmnctbQs9G6c2pjgr7ZCD9y8ZTtJw5iRXVePhvmD5X,5EvpaL11ef7DmbyH7JZvRypq4mRVDuBNUVVMjhsnMU8GdDy5,2026-06-11T02:32:45+00:00
rxn:1:60111:135440,0.13422,,,,,,,
rxn:1:55769:15398,0.1338734805583954,23213.0,Q4QQW4,7.0,NNC(=O)c1ccc(C2CC2Cn2cc(-c3ccc(-n4cc(I)cn4)cc3)nn2)s1,5CFVtQjHeZ4iTbMf6Fug7E1aLAKeERDEAomffRhSqaNDYJtp,5H4QZzys1DDnBrHjureUniLrWSaH1ie7Sc5vFkhHhiuUxCBt,2026-06-11T02:32:45+00:00
rxn:1:43756:23811,0.1335487912098567,23193.0,Q4QQW4,30.0,Fc1cc(I)ccc1-n1cc(C2(n3cncn3)CCSCC2)nn1,5DPfpjUqjCqr4fXah2xM64pVW7fBwpPNzFFf6c9waVXiP5BB,5F1RWsGeB9MbEeDi7yAmW2FpyUQi3AZ6uuqt7RbSE5DjpHQH,2026-06-10T02:30:14+00:00
rxn:1:60073:23379,0.1335035060581408,23205.0,Q4QQW4,52.0,OC[C@@H](c1ccc(Br)cc1)n1cc(CCCS)nn1,5F4QDXd8LDZJ2LZJTcfzX8WFmTx4bMNxMnzStHQJGhz5hAcH,5CwisvtrcF386MhHuUdrV5pDbBniYP1HoXP8r631yxheX3tM,2026-06-10T17:02:24+00:00
rxn:1:43756:2316,0.1334975600242615,23213.0,Q4QQW4,33.0,CCC(Nc1ncc(C(=O)O)s1)c1cn(-c2ccc(I)cc2F)nn1,5CtAbmpfdaNAsbyt9Cz5Nr4uimKHQPRrKia8WwYT8DKPLwvC,5ExiQCRMeekU5w4RNfL6AsxgQZjcpTBseNZLPW5Zfgyh7pJd,2026-06-11T02:32:45+00:00
rxn:1:58861:660,0.1333616689631814,23206.0,Q4QQW4,8.0,Cn1cnc(S(=O)(=O)n2cc(CCCCS)nn2)c1,5FjSxGWFGQJQPfzxSLk9gvZAyHJPNuTDvxzuURCuyk6nYChz,5H4QZzys1DDnBrHjureUniLrWSaH1ie7Sc5vFkhHhiuUxCBt,2026-06-10T18:09:29+00:00
rxn:1:59225:660,0.1330210367838542,23213.0,Q4QQW4,52.0,O=S(=O)(c1cccc(Cl)c1Cl)n1cc(CCCCS)nn1,5F4QDXd8LDZJ2LZJTcfzX8WFmTx4bMNxMnzStHQJGhz5hAcH,5CwisvtrcF386MhHuUdrV5pDbBniYP1HoXP8r631yxheX3tM,2026-06-11T02:32:45+00:00
rxn:1:50325:38843,0.1328623056411743,23213.0,Q4QQW4,35.0,NNC(=O)c1ccc(C2C(Cn3cc(-c4ccsc4)nn3)C2(F)F)s1,5GrjSpB1MLhwS8hCHgKYktfu9hTavi1aCkuHN9PdzArtxhiX,5H4QZzys1DDnBrHjureUniLrWSaH1ie7Sc5vFkhHhiuUxCBt,2026-06-11T02:32:45+00:00
rxn:1:50325:39015,0.1327612523374886,23189.0,Q4QQW4,6.0,NNC(=O)c1ccc(C2C(Cn3cc(-c4cc5[nH]ncc5cn4)nn3)C2(F)F)s1,5FLPhFDnajbTckwont9g976dKiiZGsdvtRxw9iFNvtHdrz5u,5FQoP9kkvcPYHbRzLTuWPXB1owLsxJsW8QG7W9qvP4fJ5XH7,2026-06-09T21:45:13+00:00
rxn:1:49433:3434,0.1325689283284274,23205.0,Q4QQW4,31.0,CN1CC(=O)OB(c2cn(C3(CI)CNC3)nn2)OC(=O)C1,5DEyd2sKqXJMxJ1Fct5UWgPssks3vmqciedzBKcV3c5nxQFa,5DZXbYUsMahTTBxotNEegTKXT5FLyPjCvHs9nnnA73TtPNYh,2026-06-10T17:02:24+00:00
rxn:1:49433:660,0.1323917210102081,23193.0,Q4QQW4,18.0,SCCCCc1cn(C2(CI)CNC2)nn1,5CZspf3UVUokqhqvNGnuv8MWYWSDNUPRyj1BxyaR8nwRfmug,5DZXbYUsMahTTBxotNEegTKXT5FLyPjCvHs9nnnA73TtPNYh,2026-06-10T02:30:14+00:00
rxn:1:60111:7039,0.132317450913516,23169.0,Q4QQW4,50.0,O=CC1(c2cn(I)nn2)CC1,5GrjSpB1MLhwS8hCHgKYktfu9hTavi1aCkuHN9PdzArtxhiX,5H4QZzys1DDnBrHjureUniLrWSaH1ie7Sc5vFkhHhiuUxCBt,2026-06-08T21:41:10+00:00
rxn:1:50325:27776,0.1323163468262245,23213.0,Q4QQW4,63.0,NNC(=O)c1ccc(C2C(Cn3cc(-c4cccc5[nH]cnc45)nn3)C2(F)F)s1,5EJVufbr5VPeNXU7hPvffsVhn4iatubxYZnnzwgs2mVDpKVs,5EvpaL11ef7DmbyH7JZvRypq4mRVDuBNUVVMjhsnMU8GdDy5,2026-06-11T02:32:45+00:00
rxn:1:43756:8693,0.1311830997467041,23206.0,Q4QQW4,39.0,C[Si](C)(CCCI)c1cn(-c2ccc(I)cc2F)nn1,5Fn1Br6GtecrJEef3wHjmo8ifjcYbEgoHLQKwEmt1LUe1wWb,5EvpaL11ef7DmbyH7JZvRypq4mRVDuBNUVVMjhsnMU8GdDy5,2026-06-10T18:09:29+00:00
rxn:1:55769:1060,0.1310095836718877,23213.0,Q4QQW4,58.0,NNC(=O)c1ccc(C2CC2Cn2cc(-c3cc(Br)cs3)nn2)s1,5EepKrEevANhhjQvBxiSYY6dL2n8nxSbFyq72yMiPTRWFPSU,5DDSVRzLJ9ysTGSYe86QxBJBZ2dtktj9abdgxDXJ8Z6SrBdY,2026-06-11T02:32:45+00:00
rxn:1:49433:23727,0.130685281008482,23189.0,Q4QQW4,16.0,FC1(c2cn(C3(CI)CNC3)nn2)CSC1,5FxN6Q8RqwJ7XQbQYFVijog4qfu1HUoMfia2r9tgPSMZsciZ,5CwisvtrcF386MhHuUdrV5pDbBniYP1HoXP8r631yxheX3tM,2026-06-09T21:45:13+00:00
rxn:1:50325:38927,0.1306588428991812,23205.0,Q4QQW4,42.0,NNC(=O)c1ccc(C2C(Cn3cc(-c4cnc(N)cn4)nn3)C2(F)F)s1,5FLPhFDnajbTckwont9g976dKiiZGsdvtRxw9iFNvtHdrz5u,5FQoP9kkvcPYHbRzLTuWPXB1owLsxJsW8QG7W9qvP4fJ5XH7,2026-06-10T17:02:24+00:00
rxn:1:41487:8624,0.1301849701187827,23213.0,Q4QQW4,22.0,Cc1ccc(-n2cc(C3(n4cc(Br)cn4)CC3)nn2)c(Br)c1,5DhS6oYFqaHaJLjPUNefoCJSrUsizGsXPeNUg4AB4c8dzQya,5ERJS9fpDW6WhC62Ug5ynXoojqsNeNVruwJj3GSCbGicJx5s,2026-06-11T02:32:45+00:00
rxn:1:41711:23811,0.1300907383362452,23189.0,Q4QQW4,24.0,Brc1cc(I)ccc1-n1cc(C2(n3cncn3)CCSCC2)nn1,5F4QDXd8LDZJ2LZJTcfzX8WFmTx4bMNxMnzStHQJGhz5hAcH,5CwisvtrcF386MhHuUdrV5pDbBniYP1HoXP8r631yxheX3tM,2026-06-09T21:45:13+00:00
rxn:1:60111:26070,0.1299473881721497,23205.0,Q4QQW4,60.0,O=C1CC(c2cn(I)nn2)CN1CCS,5DHyJYdpU4yditLtgpgW3sVMGDWV9jCKE6S155YLa4RakXoz,5F1RWsGeB9MbEeDi7yAmW2FpyUQi3AZ6uuqt7RbSE5DjpHQH,2026-06-10T17:02:24+00:00
rxn:1:60111:354,0.1298898733579195,23193.0,Q4QQW4,4.0,O=C(c1ccsc1)c1cn(I)nn1,5EJDguDZhDm4dKpUgf1y6nGcoRHjmFpbtYMwMhWSm6GZncnB,5GZDZJZok82n7cY7XZ3M77WjfCowWwAVaCRk9pNXGtnN4zzx,2026-06-10T02:30:14+00:00
rxn:1:49433:6187,0.1296839012819178,23189.0,Q4QQW4,31.0,OC1(c2cn(C3(CI)CNC3)nn2)CCSC1,5HR4bEZ5Zq153qobv89PD5wnvhkFuE5uxG6RMs1WLXoDt9aM,5ExiQCRMeekU5w4RNfL6AsxgQZjcpTBseNZLPW5Zfgyh7pJd,2026-06-09T21:45:13+00:00
rxn:1:65013:39638,0.1296598215897878,23206.0,Q4QQW4,27.0,Cc1cc(C=O)cnc1N(C)Cc1cn(-c2cccc(I)c2)nn1,5DUmwxNP3TLUF71vXZrCEhxvdGo72Mg3i97BhjCpTGZhdd3y,5ExiQCRMeekU5w4RNfL6AsxgQZjcpTBseNZLPW5Zfgyh7pJd,2026-06-10T18:09:29+00:00
rxn:1:61589:23379,0.1286090016365051,23206.0,Q4QQW4,11.0,SCCCc1cn(Cc2ccc3c(c2)CNC3)nn1,5C5NXpbaYFuB11bYP5rNPguQmZWMfwWupFULbJnFbsqwdHKb,5F7TexzUicpdUCtrDUK54n14Kdt8Scc2AaFnZZdGN4JecHaE,2026-06-10T18:09:29+00:00
rxn:1:61649:23379,0.1285673254414609,23193.0,Q4QQW4,59.0,O[C@@H](Cn1cc(CCCS)nn1)c1cccc(Br)c1,5ETvRCP9W3YKQKVZXKqi2KnnmDnSLnVmPQoxBDTy6SNRWaeR,5GjmEbUrTzr9ckoKRkziwm89QdY94DhEK2YAYhdErYSp68EL,2026-06-10T02:30:14+00:00
rxn:1:48906:39635,0.1284157170189751,23205.0,Q4QQW4,39.0,CN(Cc1cn(-c2nc3ccc(Br)cc3s2)nn1)c1ncnc(Cl)c1C=O,5Fn1Br6GtecrJEef3wHjmo8ifjcYbEgoHLQKwEmt1LUe1wWb,5EvpaL11ef7DmbyH7JZvRypq4mRVDuBNUVVMjhsnMU8GdDy5,2026-06-10T17:02:24+00:00
rxn:1:42573:883,0.127797727783521,23206.0,Q4QQW4,1.0,NNC(=O)c1ccc(C#CCn2cc(-c3ncccc3Cl)nn2)s1,5HEoUDATGvAFMT4ViLrAjfVT8VtMRbgSRFA9YZVXEJzXJ842,5G9V3UQ1MHnkCy4ntYDV3ShyaVfjKTDGkSQaaMBPA4jSQAeT,2026-06-10T18:09:29+00:00
rxn:1:60111:2069,0.1276596848453794,23205.0,Q4QQW4,15.0,CC(N)(C(=O)c1cn(I)nn1)C1CC1,5HTntEqAxjRZTyWgRGUWQLexcq5jzqhUyAyKPU4wKcGdgmT6,5EvpaL11ef7DmbyH7JZvRypq4mRVDuBNUVVMjhsnMU8GdDy5,2026-06-10T17:02:24+00:00
rxn:1:41624:14754,0.1274673615892728,23213.0,Q4QQW4,40.0,CC(Oc1ncc(N)cc1Br)c1cn(-c2ccc(Br)cc2Br)nn1,5GnaLUR9kQKNoJvcmyMSyTdgSmSCHnVuxo41Ut8TkWUBoSRc,5EvpaL11ef7DmbyH7JZvRypq4mRVDuBNUVVMjhsnMU8GdDy5,2026-06-11T02:32:45+00:00
rxn:1:60111:2139,0.1264629224936167,23169.0,Q4QQW4,18.0,CC1(C)CCC(N)(c2cn(I)nn2)CC1,5DHyJYdpU4yditLtgpgW3sVMGDWV9jCKE6S155YLa4RakXoz,5F1RWsGeB9MbEeDi7yAmW2FpyUQi3AZ6uuqt7RbSE5DjpHQH,2026-06-08T21:41:10+00:00
rxn:1:62212:14754,0.126416380405426,23213.0,Q4QQW4,49.0,CC(Oc1ncc(N)cc1Br)c1cn(-c2ccc3cc[nH]c3c2)nn1,5FpRmU4tvJmF34RHSYNi1MjJyJCyhXqWRF7xzAQezLXDByA9,5DDSVRzLJ9ysTGSYe86QxBJBZ2dtktj9abdgxDXJ8Z6SrBdY,2026-06-11T02:32:45+00:00
rxn:1:59714:14754,0.1262475897868474,23206.0,Q4QQW4,50.0,CSc1cccc(-n2cc(C(C)Oc3ncc(N)cc3Br)nn2)c1,5G1Exww53xg6TtNd3mvoxm2Ea6gcALPMXJaAmXN1UQWnrXbM,5EvpaL11ef7DmbyH7JZvRypq4mRVDuBNUVVMjhsnMU8GdDy5,2026-06-10T18:09:29+00:00
rxn:1:42573:657,0.1261167851361361,23205.0,Q4QQW4,35.0,NNC(=O)c1ccc(C#CCn2cc(-c3ncc[nH]3)nn2)s1,5GrjSpB1MLhwS8hCHgKYktfu9hTavi1aCkuHN9PdzArtxhiX,5H4QZzys1DDnBrHjureUniLrWSaH1ie7Sc5vFkhHhiuUxCBt,2026-06-10T17:02:24+00:00
rxn:1:60111:23806,0.125986818756376,23205.0,Q4QQW4,63.0,In1cc(C2(n3cncn3)CC2)nn1,5EJVufbr5VPeNXU7hPvffsVhn4iatubxYZnnzwgs2mVDpKVs,5EvpaL11ef7DmbyH7JZvRypq4mRVDuBNUVVMjhsnMU8GdDy5,2026-06-10T17:02:24+00:00
rxn:1:43756:18604,0.1256525895812295,23205.0,Q4QQW4,56.0,Cc1nn(Cc2cn(-c3ccc(I)cc3F)nn2)cc1C=O,5DfWzqT3eydoTBzTh1oby9ZoYYWsP4bQ4NWrhRzf47xoepjd,5DDSVRzLJ9ysTGSYe86QxBJBZ2dtktj9abdgxDXJ8Z6SrBdY,2026-06-10T17:02:24+00:00
rxn:1:62190:354,0.125629502794017,23206.0,Q4QQW4,10.0,O=C(c1ccsc1)c1cn(-c2ccc(CN3CCC3)cc2)nn1,5DDEGa8t9ghv92E2sjyCK2k8DfFpFYuLsJ6j7KsGVVX1EDtJ,5G9V3UQ1MHnkCy4ntYDV3ShyaVfjKTDGkSQaaMBPA4jSQAeT,2026-06-10T18:09:29+00:00
rxn:1:49432:8624,0.1248881305967059,23189.0,Q4QQW4,30.0,Brc1cnn(C2(c3cn(C4(CI)CCNC4)nn3)CC2)c1,5DPfpjUqjCqr4fXah2xM64pVW7fBwpPNzFFf6c9waVXiP5BB,5F1RWsGeB9MbEeDi7yAmW2FpyUQi3AZ6uuqt7RbSE5DjpHQH,2026-06-09T21:45:13+00:00
rxn:1:59871:2316,0.1243534317383399,23213.0,Q4QQW4,20.0,CCC(Nc1ncc(C(=O)O)s1)c1cn(-c2c(F)cc(I)cc2F)nn1,5Exexe43d9jbzMqFXnsJ9MqzCNjihzj2Rqm3m9sXt8HYkKiP,5DDSVRzLJ9ysTGSYe86QxBJBZ2dtktj9abdgxDXJ8Z6SrBdY,2026-06-11T02:32:45+00:00
rxn:1:60111:39697,0.1242462226322719,23213.0,Q4QQW4,45.0,OC(c1ccncc1)c1cn(I)nn1,5FX1WLHvQnVsxsV6rGfek6atkUyoG69TEHUECHXTfRFqERCx,5FC9JzvvCLCE33xQYEiEuzeFGpUY3AbZkTyx731JjaV3mGkD,2026-06-11T02:32:45+00:00
rxn:1:65513:6602,0.1237063407897949,23206.0,Q4QQW4,45.0,Cc1nn2ccn(Cc3cn(-c4ccc(I)cc4)nn3)c2c1C#N,5FX1WLHvQnVsxsV6rGfek6atkUyoG69TEHUECHXTfRFqERCx,5FC9JzvvCLCE33xQYEiEuzeFGpUY3AbZkTyx731JjaV3mGkD,2026-06-10T18:09:29+00:00
rxn:1:50325:38682,0.1214405853172828,23213.0,Q4QQW4,42.0,NNC(=O)c1ccc(C2C(Cn3cc(-c4cnc5nc[nH]c5c4)nn3)C2(F)F)s1,5FLPhFDnajbTckwont9g976dKiiZGsdvtRxw9iFNvtHdrz5u,5FQoP9kkvcPYHbRzLTuWPXB1owLsxJsW8QG7W9qvP4fJ5XH7,2026-06-11T02:32:45+00:00
rxn:1:62192:39392,0.1209024245088751,23213.0,Q4QQW4,21.0,CCCC(=O)c1cn(-c2ccc(CN3CCCC3)cc2)nn1,5FussqLA3xiViAjkVpx9RAsUyFRncX8f5qQwYjyhxAuSnLGo,5CUiMYcMPFtMmjdov6yqWuWsMyhbs4naNxDiCGeUQP2RKFqP,2026-06-11T02:32:45+00:00
rxn:1:42573:15419,0.1208417693773905,23213.0,Q4QQW4,43.0,NNC(=O)c1ccc(C#CCn2cc(-c3ccc(-n4cc(CO)cn4)cc3)nn2)s1,5CQ4v4QV2UR9QCpxozJqXTumPLySZYUk4Jfn7VvzYQaNBUiw,5EvpaL11ef7DmbyH7JZvRypq4mRVDuBNUVVMjhsnMU8GdDy5,2026-06-11T02:32:45+00:00
rxn:1:61564:660,0.1207556009292603,23193.0,Q4QQW4,32.0,SCCCCc1cn(Cc2ccc3ncsc3c2)nn1,5GmtNRR8rcmLfC2ftC7dofFWemqaToHFJEjN65R8nhfrDhaf,5EvpaL11ef7DmbyH7JZvRypq4mRVDuBNUVVMjhsnMU8GdDy5,2026-06-10T02:30:14+00:00
rxn:1:62193:28670,0.119884383219939,23213.0,Q4QQW4,18.0,NC(CCC(F)(F)F)c1cn(-c2ccc(CN3CCCCC3)cc2)nn1,5HTfHX7Dv8JGJD9rrxNBYnYy2AVaxoyeWmfNmkjStrBLFG1S,5CUiMYcMPFtMmjdov6yqWuWsMyhbs4naNxDiCGeUQP2RKFqP,2026-06-11T02:32:45+00:00
rxn:1:49433:8654,0.1181227006018162,23205.0,Q4QQW4,32.0,CSC1(c2cn(C3(CI)CNC3)nn2)CC1,5Ek25STm4aUT4CeKkLNzjTgXVy4LaNp8vdjoNFtX5w5UGDWT,5CwisvtrcF386MhHuUdrV5pDbBniYP1HoXP8r631yxheX3tM,2026-06-10T17:02:24+00:00
rxn:1:49432:23629,0.1180759560316801,23189.0,Q4QQW4,20.0,CC(c1cn(C2(CI)CCNC2)nn1)n1cc(I)cn1,5GrjSpB1MLhwS8hCHgKYktfu9hTavi1aCkuHN9PdzArtxhiX,5H4QZzys1DDnBrHjureUniLrWSaH1ie7Sc5vFkhHhiuUxCBt,2026-06-09T21:45:13+00:00
rxn:1:43756:22369,0.1174010715701363,23193.0,Q4QQW4,49.0,CSc1cnn(Cc2cn(-c3ccc(I)cc3F)nn2)c1Br,5C7nC15ebbcwAmhUP18pV1zhKiXAswK9MKLFkFFTMzm3mwpy,5DDSVRzLJ9ysTGSYe86QxBJBZ2dtktj9abdgxDXJ8Z6SrBdY,2026-06-10T02:30:14+00:00
rxn:1:43011:39851,0.1172993157220923,23169.0,Q4QQW4,60.0,NC(c1cn(-c2cccc(CS(=O)(=O)Cl)c2)nn1)c1cccs1,5CPHBmygku4FKx3xSeUnoMfn7cGie5xfkB7Fms1XuRafiu4R,5G9V3UQ1MHnkCy4ntYDV3ShyaVfjKTDGkSQaaMBPA4jSQAeT,2026-06-08T21:41:10+00:00
rxn:1:59725:14754,0.116556242108345,23206.0,Q4QQW4,4.0,CSc1ccc(-n2cc(C(C)Oc3ncc(N)cc3Br)nn2)cc1,5EJDguDZhDm4dKpUgf1y6nGcoRHjmFpbtYMwMhWSm6GZncnB,5GZDZJZok82n7cY7XZ3M77WjfCowWwAVaCRk9pNXGtnN4zzx,2026-06-10T18:09:29+00:00
rxn:1:62147:26070,0.1164139716521553,23206.0,Q4QQW4,30.0,O=C1CC(c2cn(Cc3ccc(CBr)cc3)nn2)CN1CCS,5DepSUKmnctbQs9G6c2pjgr7ZCD9y8ZTtJw5iRXVePhvmD5X,5EvpaL11ef7DmbyH7JZvRypq4mRVDuBNUVVMjhsnMU8GdDy5,2026-06-10T18:09:29+00:00
rxn:1:43756:2367,0.1164034381508827,23193.0,Q4QQW4,38.0,CC(Nc1ncc(C(=O)O)s1)c1cn(-c2ccc(I)cc2F)nn1,5FEumR4bePnD8wbXUEQTQKGWgqrh3CSRKFgv3kHA8hjnMVfp,5F1RWsGeB9MbEeDi7yAmW2FpyUQi3AZ6uuqt7RbSE5DjpHQH,2026-06-10T02:30:14+00:00
rxn:1:60111:39924,0.1163418889045715,23206.0,Q4QQW4,2.0,CNc1ccc(-c2cn(I)nn2)nn1,5Dnni5GuLvaD6nyyYTpzJwuS2yCkGoGug4naDyFjERg8KZpE,5GZDZJZok82n7cY7XZ3M77WjfCowWwAVaCRk9pNXGtnN4zzx,2026-06-10T18:09:29+00:00
rxn:1:41711:10961,0.1158270388841629,23169.0,Q4QQW4,52.0,Nc1ncnc2c1ncn2Cc1cn(-c2ccc(I)cc2Br)nn1,5Ek25STm4aUT4CeKkLNzjTgXVy4LaNp8vdjoNFtX5w5UGDWT,5CwisvtrcF386MhHuUdrV5pDbBniYP1HoXP8r631yxheX3tM,2026-06-08T21:41:10+00:00
rxn:1:61783:24354,0.1152827243010203,23213.0,Q4QQW4,2.0,O=C1NCC2(c3cn(Cc4c(Br)sc5ccccc45)nn3)CCC12,5Dnni5GuLvaD6nyyYTpzJwuS2yCkGoGug4naDyFjERg8KZpE,5GZDZJZok82n7cY7XZ3M77WjfCowWwAVaCRk9pNXGtnN4zzx,2026-06-11T02:32:45+00:00
rxn:1:48906:14754,0.1152591865796309,23193.0,Q4QQW4,24.0,CC(Oc1ncc(N)cc1Br)c1cn(-c2nc3ccc(Br)cc3s2)nn1,5F4QDXd8LDZJ2LZJTcfzX8WFmTx4bMNxMnzStHQJGhz5hAcH,5CwisvtrcF386MhHuUdrV5pDbBniYP1HoXP8r631yxheX3tM,2026-06-10T02:30:14+00:00
rxn:1:60111:31351,0.1143179152693067,23205.0,Q4QQW4,59.0,Fc1nc(Cl)ccc1-c1cn(I)nn1,5Cu82Kk362oZUA3Lk91TwYcmzpRbTL9YW5DFkRX91E9puZfM,5CwisvtrcF386MhHuUdrV5pDbBniYP1HoXP8r631yxheX3tM,2026-06-10T17:02:24+00:00
rxn:1:42040:39851,0.1131182312965393,23193.0,Q4QQW4,1.0,COc1ccc(-n2cc(C(N)c3cccs3)nn2)c(F)c1,5HEoUDATGvAFMT4ViLrAjfVT8VtMRbgSRFA9YZVXEJzXJ842,5G9V3UQ1MHnkCy4ntYDV3ShyaVfjKTDGkSQaaMBPA4jSQAeT,2026-06-10T02:30:14+00:00
rxn:1:50325:32354,0.1114095832620348,23206.0,Q4QQW4,42.0,NNC(=O)c1ccc(C2C(Cn3cc(-c4ncc(N)nc4Br)nn3)C2(F)F)s1,5FLPhFDnajbTckwont9g976dKiiZGsdvtRxw9iFNvtHdrz5u,5FQoP9kkvcPYHbRzLTuWPXB1owLsxJsW8QG7W9qvP4fJ5XH7,2026-06-10T18:09:29+00:00
rxn:1:43756:39640,0.1107693392297496,23213.0,Q4QQW4,29.0,CN(Cc1cn(-c2ccc(I)cc2F)nn1)c1csc(C=O)c1,5HR4bEZ5Zq153qobv89PD5wnvhkFuE5uxG6RMs1WLXoDt9aM,5ExiQCRMeekU5w4RNfL6AsxgQZjcpTBseNZLPW5Zfgyh7pJd,2026-06-11T02:32:45+00:00
rxn:1:59871:23829,0.1088067030906677,23206.0,Q4QQW4,58.0,Fc1cc(I)cc(F)c1-n1cc(C2(n3ccnc3)CCSCC2)nn1,5D52Ajv2MSWKfV1PNfyKthAGmNsWGi7dhQ3w1XiNptH6adCg,5G9V3UQ1MHnkCy4ntYDV3ShyaVfjKTDGkSQaaMBPA4jSQAeT,2026-06-10T18:09:29+00:00
rxn:1:42040:39850,0.108012957232339,23189.0,Q4QQW4,37.0,COc1ccc(-n2cc(C(N)c3ccco3)nn2)c(F)c1,5CPHBmygku4FKx3xSeUnoMfn7cGie5xfkB7Fms1XuRafiu4R,5G9V3UQ1MHnkCy4ntYDV3ShyaVfjKTDGkSQaaMBPA4jSQAeT,2026-06-09T21:45:13+00:00
rxn:1:43756:23825,0.1073029637336731,23169.0,Q4QQW4,3.0,Fc1cc(I)ccc1-n1cc(C2(n3ccnc3)CC2)nn1,5HKuuPHERHZ65EGs5UVTMPYN8sExcwusJw1AMcHXEv9yYtyN,5H4QZzys1DDnBrHjureUniLrWSaH1ie7Sc5vFkhHhiuUxCBt,2026-06-08T21:41:10+00:00
rxn:1:48091:2180,0.1062289902142116,23193.0,Q4QQW4,51.0,CSCC(N)c1cn(-c2ccc(NC(=O)CCl)cc2)nn1,5HTfHX7Dv8JGJD9rrxNBYnYy2AVaxoyeWmfNmkjStrBLFG1S,5CUiMYcMPFtMmjdov6yqWuWsMyhbs4naNxDiCGeUQP2RKFqP,2026-06-10T02:30:14+00:00
rxn:1:59971:24167,0.1049458861351013,23189.0,Q4QQW4,1.0,CC(C)C[C@H](N)c1cn(-c2c(F)cc(Br)cc2F)nn1,5Egqxfdg5cAyZKzfPU3adtoWtFYiSJ7Hnpvw8NrCpdrjCBjC,5G9V3UQ1MHnkCy4ntYDV3ShyaVfjKTDGkSQaaMBPA4jSQAeT,2026-06-09T21:45:13+00:00
rxn:1:61592:7829,0.1026992909610271,23189.0,Q4QQW4,29.0,O[C@H](CCl)[C@H](CCl)n1cc([B-](F)(F)F)nn1,5HKuuPHERHZ65EGs5UVTMPYN8sExcwusJw1AMcHXEv9yYtyN,5H4QZzys1DDnBrHjureUniLrWSaH1ie7Sc5vFkhHhiuUxCBt,2026-06-09T21:45:13+00:00
rxn:1:41711:6617,0.1026403630773226,23213.0,Q4QQW4,55.0,O=Cc1cc2n(Cc3cn(-c4ccc(I)cc4Br)nn3)ccn2n1,5ETvRCP9W3YKQKVZXKqi2KnnmDnSLnVmPQoxBDTy6SNRWaeR,5GjmEbUrTzr9ckoKRkziwm89QdY94DhEK2YAYhdErYSp68EL,2026-06-11T02:32:45+00:00
rxn:1:49702:39850,0.1022185484568278,23189.0,Q4QQW4,51.0,NC(c1cn(-c2cnccn2)nn1)c1ccco1,5FussqLA3xiViAjkVpx9RAsUyFRncX8f5qQwYjyhxAuSnLGo,5CUiMYcMPFtMmjdov6yqWuWsMyhbs4naNxDiCGeUQP2RKFqP,2026-06-09T21:45:13+00:00
rxn:1:63670:23849,0.101849893728892,23213.0,Q4QQW4,4.0,OCC1(Cc2cn(Cc3ccc(Br)s3)nn2)CC2(C1)N=N2,5HHDjQZ9CZ948dtzKo6RJHwrSLceRfG1DecFN6Rt7orpKUq4,5CUiMYcMPFtMmjdov6yqWuWsMyhbs4naNxDiCGeUQP2RKFqP,2026-06-11T02:32:45+00:00
rxn:1:41907:6617,0.1011737038691839,23213.0,Q4QQW4,39.0,O=Cc1cc2n(Cc3cn(-c4ccc(I)cc4Cl)nn3)ccn2n1,5FuhZEPyhXVUC4vTKCBVWQcFskkBKv4o1SBQhSVHypcoiViD,5H4QZzys1DDnBrHjureUniLrWSaH1ie7Sc5vFkhHhiuUxCBt,2026-06-11T02:32:45+00:00
rxn:1:59871:7279,0.1011102795600891,23205.0,Q4QQW4,58.0,CC[C@H](N)c1cn(-c2c(F)cc(I)cc2F)nn1,5D52Ajv2MSWKfV1PNfyKthAGmNsWGi7dhQ3w1XiNptH6adCg,5G9V3UQ1MHnkCy4ntYDV3ShyaVfjKTDGkSQaaMBPA4jSQAeT,2026-06-10T17:02:24+00:00
rxn:1:61827:2080,0.099599424161409,23193.0,Q4QQW4,10.0,CCCCC(N)c1cn(-c2ccc(I)c(Br)c2)nn1,5DDEGa8t9ghv92E2sjyCK2k8DfFpFYuLsJ6j7KsGVVX1EDtJ,5G9V3UQ1MHnkCy4ntYDV3ShyaVfjKTDGkSQaaMBPA4jSQAeT,2026-06-10T02:30:14+00:00
rxn:1:59912:23379,0.0983951919608646,23213.0,Q4QQW4,8.0,SCCCc1cn(Cc2cc(Br)cnc2Br)nn1,5FjSxGWFGQJQPfzxSLk9gvZAyHJPNuTDvxzuURCuyk6nYChz,5H4QZzys1DDnBrHjureUniLrWSaH1ie7Sc5vFkhHhiuUxCBt,2026-06-11T02:32:45+00:00
rxn:1:60253:39850,0.0980563001199202,23189.0,Q4QQW4,49.0,NC(c1cn(-c2ccc([As](=O)(O)O)cc2)nn1)c1ccco1,5HHDjQZ9CZ948dtzKo6RJHwrSLceRfG1DecFN6Rt7orpKUq4,5CUiMYcMPFtMmjdov6yqWuWsMyhbs4naNxDiCGeUQP2RKFqP,2026-06-09T21:45:13+00:00
rxn:1:60108:39439,0.0978286584218343,23205.0,Q4QQW4,55.0,NP(Cl)n1cc(-c2cnc(Cl)nc2)nn1,5HjRab4totmcmTG1iLaXe9qDMfFGxQ6BpnKLFqtcZUgMdsFn,5DDSVRzLJ9ysTGSYe86QxBJBZ2dtktj9abdgxDXJ8Z6SrBdY,2026-06-10T17:02:24+00:00
rxn:1:43022:2080,0.0973706684614482,23193.0,Q4QQW4,58.0,CCCCC(N)c1cn(-c2ccc(CCl)cc2)nn1,5D52Ajv2MSWKfV1PNfyKthAGmNsWGi7dhQ3w1XiNptH6adCg,5G9V3UQ1MHnkCy4ntYDV3ShyaVfjKTDGkSQaaMBPA4jSQAeT,2026-06-10T02:30:14+00:00
rxn:1:60111:44041,0.091136,,,,,,,
rxn:1:55893:3106,0.0896978629262823,23213.0,Q4QQW4,57.0,NC(CC1CCC1)c1cn(CC2C3CCCC32)nn1,5CPHBmygku4FKx3xSeUnoMfn7cGie5xfkB7Fms1XuRafiu4R,5G9V3UQ1MHnkCy4ntYDV3ShyaVfjKTDGkSQaaMBPA4jSQAeT,2026-06-11T02:32:45+00:00
rxn:1:62140:39851,0.087092121442159,23213.0,Q4QQW4,51.0,NC(c1cn(C(F)F)nn1)c1cccs1,5DDEGa8t9ghv92E2sjyCK2k8DfFpFYuLsJ6j7KsGVVX1EDtJ,5G9V3UQ1MHnkCy4ntYDV3ShyaVfjKTDGkSQaaMBPA4jSQAeT,2026-06-11T02:32:45+00:00
rxn:1:62688:10961,0.0870533800125122,23213.0,Q4QQW4,32.0,Nc1ncnc2c1ncn2Cc1cn(-c2cc(I)cc(I)c2I)nn1,5Ek25STm4aUT4CeKkLNzjTgXVy4LaNp8vdjoNFtX5w5UGDWT,5CwisvtrcF386MhHuUdrV5pDbBniYP1HoXP8r631yxheX3tM,2026-06-11T02:32:45+00:00
rxn:1:59530:2180,0.086387501521544,23213.0,Q4QQW4,31.0,COc1ccc(-n2cc(C(N)CSC)nn2)cc1C(F)(F)F,5CK5h1bhQ1Xfi6ZTMDW96T8Fo5FbspKe89PvNvojcAduA4E3,5CUiMYcMPFtMmjdov6yqWuWsMyhbs4naNxDiCGeUQP2RKFqP,2026-06-11T02:32:45+00:00
rxn:1:60108:38927,0.0859377384185791,23206.0,Q4QQW4,18.0,Nc1cnc(-c2cn(P(N)Cl)nn2)cn1,5FussqLA3xiViAjkVpx9RAsUyFRncX8f5qQwYjyhxAuSnLGo,5CUiMYcMPFtMmjdov6yqWuWsMyhbs4naNxDiCGeUQP2RKFqP,2026-06-10T18:09:29+00:00
rxn:1:61827:39833,0.0836750052191994,23206.0,Q4QQW4,51.0,NC(c1cccc(Br)c1)c1cn(-c2ccc(I)c(Br)c2)nn1,5HTfHX7Dv8JGJD9rrxNBYnYy2AVaxoyeWmfNmkjStrBLFG1S,5CUiMYcMPFtMmjdov6yqWuWsMyhbs4naNxDiCGeUQP2RKFqP,2026-06-10T18:09:29+00:00
rxn:1:60111:23629,0.0791057688849312,23193.0,Q4QQW4,9.0,CC(c1cn(I)nn1)n1cc(I)cn1,5HESq8feacKRMQwAc4UWSxB5CDY7MTVAAkwgBdpaTbAeQQoZ,5FgdHCpEA2KLxyuTzBrx9BSCrzKjFuyXog8YiJ2ZmYV2F2kH,2026-06-10T02:30:14+00:00
rxn:1:62688:23811,0.0785818952322006,23206.0,Q4QQW4,40.0,Ic1cc(I)c(I)c(-n2cc(C3(n4cncn4)CCSCC3)nn2)c1,5GnaLUR9kQKNoJvcmyMSyTdgSmSCHnVuxo41Ut8TkWUBoSRc,5EvpaL11ef7DmbyH7JZvRypq4mRVDuBNUVVMjhsnMU8GdDy5,2026-06-10T18:09:29+00:00
rxn:1:41558:28397,0.0694510652905418,23205.0,Q4QQW4,51.0,NC(CC1CCCC1)c1cn(-c2cccc(F)c2F)nn1,5HTfHX7Dv8JGJD9rrxNBYnYy2AVaxoyeWmfNmkjStrBLFG1S,5CUiMYcMPFtMmjdov6yqWuWsMyhbs4naNxDiCGeUQP2RKFqP,2026-06-10T17:02:24+00:00
rxn:1:65513:28347,0.0687206188837687,23205.0,Q4QQW4,10.0,CC1CCC(C(N)c2cn(-c3ccc(I)cc3)nn2)CC1,5DDEGa8t9ghv92E2sjyCK2k8DfFpFYuLsJ6j7KsGVVX1EDtJ,5G9V3UQ1MHnkCy4ntYDV3ShyaVfjKTDGkSQaaMBPA4jSQAeT,2026-06-10T17:02:24+00:00
rxn:1:59915:24354,0.0667219569995289,23193.0,Q4QQW4,42.0,O=C1NCC2(c3cn(Cc4sc(Br)cc4Br)nn3)CCC12,5G9isXT1FM9BmMnXz8dXe8Et2TfMx2vvxjt16nqYJuNxNbZh,5G9V3UQ1MHnkCy4ntYDV3ShyaVfjKTDGkSQaaMBPA4jSQAeT,2026-06-10T02:30:14+00:00
rxn:1:41260:2180,0.0663379244506359,23169.0,Q4QQW4,27.0,CSCC(N)c1cn(CC[Si](C)(C)C)nn1,5G9isXT1FM9BmMnXz8dXe8Et2TfMx2vvxjt16nqYJuNxNbZh,5G9V3UQ1MHnkCy4ntYDV3ShyaVfjKTDGkSQaaMBPA4jSQAeT,2026-06-08T21:41:10+00:00
rxn:1:49993:35036,0.0654127550125122,23193.0,Q4QQW4,43.0,Cc1cc(N)ccc1C1C(Cn2cc(-c3ccncc3)nn2)C1(F)F,5FHxcxoJ4y5uPV5vufxU8iURosgNMjaZ39Qg2VMzEy2ppct5,5EeTKGrMYjXLqQYJmVUtds6hNuUvAaz8iswWpELSJGbvJN7D,2026-06-10T02:30:14+00:00
rxn:1:62588:26070,0.0652001231908798,23205.0,Q4QQW4,27.0,O=C1CC(c2cn(C3CCCC3I)nn2)CN1CCS,5DUmwxNP3TLUF71vXZrCEhxvdGo72Mg3i97BhjCpTGZhdd3y,5ExiQCRMeekU5w4RNfL6AsxgQZjcpTBseNZLPW5Zfgyh7pJd,2026-06-10T17:02:24+00:00
rxn:1:65513:31455,0.0611674955912998,23169.0,Q4QQW4,42.0,OB(O)c1ccnc(-c2cn(-c3ccc(I)cc3)nn2)c1,5DDEGa8t9ghv92E2sjyCK2k8DfFpFYuLsJ6j7KsGVVX1EDtJ,5G9V3UQ1MHnkCy4ntYDV3ShyaVfjKTDGkSQaaMBPA4jSQAeT,2026-06-08T21:41:10+00:00
rxn:1:60111:74407,0.060108,,,,,,,
rxn:1:60111:178299,0.058409,,,,,,,
rxn:1:55904:31032,0.0583297361930211,23169.0,Q4QQW4,37.0,Cc1c([C@H](N)c2cn(-c3ncc(Br)s3)nn2)cccc1C(F)(F)F,5D52Ajv2MSWKfV1PNfyKthAGmNsWGi7dhQ3w1XiNptH6adCg,5G9V3UQ1MHnkCy4ntYDV3ShyaVfjKTDGkSQaaMBPA4jSQAeT,2026-06-08T21:41:10+00:00
rxn:1:60109:38924,0.0548822432756424,23169.0,Q4QQW4,28.0,N=P(N)(Cl)n1cc(-c2cnc(Cl)cn2)nn1,5HESq8feacKRMQwAc4UWSxB5CDY7MTVAAkwgBdpaTbAeQQoZ,5FgdHCpEA2KLxyuTzBrx9BSCrzKjFuyXog8YiJ2ZmYV2F2kH,2026-06-08T21:41:10+00:00
rxn:1:62688:6602,0.0544150655086223,23205.0,Q4QQW4,11.0,Cc1nn2ccn(Cc3cn(-c4cc(I)cc(I)c4I)nn3)c2c1C#N,5C5NXpbaYFuB11bYP5rNPguQmZWMfwWupFULbJnFbsqwdHKb,5F7TexzUicpdUCtrDUK54n14Kdt8Scc2AaFnZZdGN4JecHaE,2026-06-10T17:02:24+00:00
rxn:1:60111:39850,0.053318638067979,23213.0,Q4QQW4,59.0,NC(c1cn(I)nn1)c1ccco1,5Cu82Kk362oZUA3Lk91TwYcmzpRbTL9YW5DFkRX91E9puZfM,5CwisvtrcF386MhHuUdrV5pDbBniYP1HoXP8r631yxheX3tM,2026-06-11T02:32:45+00:00
rxn:1:56069:31025,0.0516731864527652,23189.0,Q4QQW4,42.0,CC(C)C[C@H](N)c1cn(CC(C)(F)C(C)(C)F)nn1,5G9isXT1FM9BmMnXz8dXe8Et2TfMx2vvxjt16nqYJuNxNbZh,5G9V3UQ1MHnkCy4ntYDV3ShyaVfjKTDGkSQaaMBPA4jSQAeT,2026-06-09T21:45:13+00:00
rxn:1:60111:127440,0.051441,,,,,,,
rxn:1:61787:14754,0.0510804998603734,23193.0,Q4QQW4,15.0,Cc1cnc(-n2cc(C(C)Oc3ncc(N)cc3Br)nn2)s1,5CFVtQjHeZ4iTbMf6Fug7E1aLAKeERDEAomffRhSqaNDYJtp,5H4QZzys1DDnBrHjureUniLrWSaH1ie7Sc5vFkhHhiuUxCBt,2026-06-10T02:30:14+00:00
rxn:1:65513:23811,0.0483040498650592,23205.0,Q4QQW4,47.0,Ic1ccc(-n2cc(C3(n4cncn4)CCSCC3)nn2)cc1,5H1RZMrwFGFBkxTnr97RdymDXCcq2aRhvjWbjN4eyAhnP5rA,5DZXbYUsMahTTBxotNEegTKXT5FLyPjCvHs9nnnA73TtPNYh,2026-06-10T17:02:24+00:00
rxn:1:41711:5723,0.047806829214096,23206.0,Q4QQW4,47.0,CCC(Oc1ccc(O)cc1)c1cn(-c2ccc(I)cc2Br)nn1,5H1RZMrwFGFBkxTnr97RdymDXCcq2aRhvjWbjN4eyAhnP5rA,5DZXbYUsMahTTBxotNEegTKXT5FLyPjCvHs9nnnA73TtPNYh,2026-06-10T18:09:29+00:00
rxn:1:60111:29999,0.0430428648465558,23205.0,Q4QQW4,57.0,Cc1ocnc1C(=O)N1CCCNC(=O)[C@H]2C[C@H](CCN2C(=O)c2cn(I)nn2)c2ccccc2OCC1,5F23rDyJ7wicA4cCucz2Qs4fxKmKxEUx3SYxu4frJnyg4CRK,5HDv8tSwgMJVrim11Sj3b44kCqgVKQwhCPzk9fpaeNvrQHVT,2026-06-10T17:02:24+00:00
rxn:1:41907:23811,0.0373401269316673,23213.0,Q4QQW4,37.0,Clc1cc(I)ccc1-n1cc(C2(n3cncn3)CCSCC2)nn1,5GmtNRR8rcmLfC2ftC7dofFWemqaToHFJEjN65R8nhfrDhaf,5EvpaL11ef7DmbyH7JZvRypq4mRVDuBNUVVMjhsnMU8GdDy5,2026-06-11T02:32:45+00:00
rxn:1:49993:12870,0.0275555718125719,23189.0,Q4QQW4,43.0,Cc1cc(N)ccc1C1C(Cn2cc(-c3ccc(C(=O)Nc4nncs4)cc3)nn2)C1(F)F,5FHxcxoJ4y5uPV5vufxU8iURosgNMjaZ39Qg2VMzEy2ppct5,5EeTKGrMYjXLqQYJmVUtds6hNuUvAaz8iswWpELSJGbvJN7D,2026-06-09T21:45:13+00:00
rxn:1:60111:29969,0.0264028299313325,23206.0,Q4QQW4,57.0,COc1ccc(CN2CCCNC(=O)[C@@H]3C[C@@H](CN(C(=O)c4cn(I)nn4)C3)c3ccccc3OCC2)cn1,5F23rDyJ7wicA4cCucz2Qs4fxKmKxEUx3SYxu4frJnyg4CRK,5HDv8tSwgMJVrim11Sj3b44kCqgVKQwhCPzk9fpaeNvrQHVT,2026-06-10T18:09:29+00:00
rxn:1:65609:8371,0.0256871405456747,23205.0,Q4QQW4,1.0,O=C(c1cn(-c2c(Br)cc(Br)cc2Br)nn1)N1CCC(Cc2ncccn2)C1,5HEoUDATGvAFMT4ViLrAjfVT8VtMRbgSRFA9YZVXEJzXJ842,5G9V3UQ1MHnkCy4ntYDV3ShyaVfjKTDGkSQaaMBPA4jSQAeT,2026-06-10T17:02:24+00:00
rxn:1:60111:1985,0.015289032459259,23206.0,Q4QQW4,28.0,COc1ccc(-c2cn(I)nn2)cc1O,5CtAFBJuap7Frkq8sFteRDyBmjA7CrVm8RQDLoHcRkbehuJQ,5HDv8tSwgMJVrim11Sj3b44kCqgVKQwhCPzk9fpaeNvrQHVT,2026-06-10T18:09:29+00:00
rxn:1:60111:129980,0.008559,,,,,,,
rxn:1:43730:7921,0.001511738449335,23213.0,Q4QQW4,56.0,O=C(c1cn(-c2ccc(Br)cc2I)nn1)N1CCCC(c2nc3ccccc3[nH]2)C1,5G9isXT1FM9BmMnXz8dXe8Et2TfMx2vvxjt16nqYJuNxNbZh,5G9V3UQ1MHnkCy4ntYDV3ShyaVfjKTDGkSQaaMBPA4jSQAeT,2026-06-11T02:32:45+00:00
rxn:1:60111:9999,-0.0482209039231141,23205.0,Q4QQW4,28.0,CC(C)c1cccc2c(=O)cc(C(=O)NCc3cn(I)nn3)[nH]c12,5CtAFBJuap7Frkq8sFteRDyBmjA7CrVm8RQDLoHcRkbehuJQ,5HDv8tSwgMJVrim11Sj3b44kCqgVKQwhCPzk9fpaeNvrQHVT,2026-06-10T17:02:24+00:00
rxn:1:60111:27724,,,,,,,,
rxn:1:60111:83585,,,,,,,,
rxn:1:60111:141759,,,,,,,,
rxn:1:60111:69712,,,,,,,,
rxn:1:60111:153360,,,,,,,,
rxn:1:60111:96890,,,,,,,,
rxn:1:60111:84745,,,,,,,,
rxn:1:60111:112216,,,,,,,,
rxn:1:60111:141277,,,,,,,,
rxn:1:60111:138526,,,,,,,,
rxn:1:60111:105694,,,,,,,,
rxn:1:60111:89142,,,,,,,,
rxn:1:60111:210768,,,,,,,,
rxn:1:60111:5011,,,,,,,,
rxn:1:60111:43563,,,,,,,,
rxn:1:60111:135049,,,,,,,,
rxn:1:60111:3852,,,,,,,,
rxn:1:60111:123785,,,,,,,,
rxn:1:60111:159129,,,,,,,,
rxn:1:60111:7432,,,,,,,,
rxn:1:60111:187845,,,,,,,,
rxn:1:60111:204475,,,,,,,,
rxn:1:60111:5789,,,,,,,,
rxn:1:60111:48840,,,,,,,,
rxn:1:60111:66469,,,,,,,,
rxn:1:60111:91359,,,,,,,,
rxn:1:60111:39548,,,,,,,,
rxn:1:60111:3723,,,,,,,,
rxn:1:60111:184743,,,,,,,,
rxn:1:60111:166613,,,,,,,,
rxn:1:60111:169005,,,,,,,,
rxn:1:60111:181276,,,,,,,,
rxn:1:60111:143207,,,,,,,,
rxn:1:60111:130842,,,,,,,,
rxn:1:60111:59702,,,,,,,,
rxn:1:60111:94192,,,,,,,,
rxn:1:60111:84217,,,,,,,,
rxn:1:60111:32003,,,,,,,,
rxn:1:60111:207151,,,,,,,,
rxn:1:60111:161197,,,,,,,,
rxn:1:60111:5833,,,,,,,,
rxn:1:60111:31966,,,,,,,,
rxn:1:60111:14606,,,,,,,,
rxn:1:60111:61742,,,,,,,,
rxn:1:60111:31931,,,,,,,,
rxn:1:60111:14816,,,,,,,,
rxn:1:60111:600,,,,,,,,
rxn:1:60111:12221,,,,,,,,
rxn:1:60111:14768,,,,,,,,
rxn:1:60111:14806,,,,,,,,
rxn:1:60111:28213,,,,,,,,
rxn:1:60111:31485,,,,,,,,
rxn:1:60111:31782,,,,,,,,
rxn:1:60111:31411,,,,,,,,
rxn:1:60111:14902,,,,,,,,
rxn:1:60111:1,,,,,,,,
rxn:1:60111:60706,,,,,,,,
rxn:1:60111:116989,,,,,,,,
rxn:1:60111:173175,,,,,,,,
rxn:1:60111:229345,,,,,,,,
